ID,OffID,Pop,Fruit,Selfed,Hac_C7,Hac_D1,Hb_B9,Hb_C115,Hac_C114,Hac_B6,Hac_B4,Hac_A103,Hac_A116,Hc_C7,Hc_C126
10A,0,10,NA,No,219:225,183:183,348:357,282:288,372:372,288:288,249:252,190:202,302:302,345:354,249:249
10A,1,10,10A1,No,225:225,180:183,348:357,282:288,372:372,288:288,249:252,190:190,302:302,345:345,249:249
10A,2,10,10A1,No,219:225,180:183,348:354,276:282,372:372,288:291,234:252,190:194,302:302,345:345,249:249
10A,3,10,10A1,No,225:225,183:183,357:357,276:288,372:372,288:291,246:249,190:194,302:302,351:354,249:249
10A,4,10,10A2,No,219:225,180:183,357:357,276:276,372:372,288:288,246:252,200:202,302:302,345:351,249:249
10A,5,10,10A3,No,219:225,180:183,348:360,288:288,372:372,288:288,240:252,194:202,302:302,345:345,249:249
10A,6,10,10A3,No,219:225,183:183,345:357,282:282,372:372,288:288,249:252,200:202,300:302,354:354,249:249
10A,7,10,10A3,No,219:225,180:183,357:357,282:282,372:372,288:288,249:252,190:202,302:302,345:348,249:270
10A,8,10,10A4,No,219:225,180:183,345:357,282:288,372:372,291:291,243:252,190:202,302:302,345:345,249:270
10A,9,10,10A4,No,219:225,180:183,NA,285:288,372:372,288:288,249:252,NA,302:302,345:345,249:249
10B,0,10,NA,No,225:225,183:183,348:348,285:285,372:372,291:291,252:258,190:194,302:302,345:345,249:267
10B,1,10,10B1,No,225:225,180:183,348:360,285:285,372:372,291:291,249:252,194:194,302:302,345:354,249:249
10B,2,10,10B2,No,219:225,180:183,348:366,285:288,372:372,291:291,228:252,190:190,302:302,345:351,249:267
10B,3,10,10B3,No,225:225,180:183,348:348,285:288,372:372,288:291,255:258,190:194,302:302,345:354,249:267
10B,4,10,10B3,No,225:225,183:183,345:348,285:288,372:372,291:291,249:252,194:194,302:302,342:345,249:249
10B,5,10,10B4,No,219:225,183:183,348:354,285:285,372:372,297:300,249:258,190:200,300:302,345:354,249:249
10B,6,10,10B4,No,225:225,183:183,348:360,285:288,372:372,285:291,240:258,194:194,302:302,345:357,249:249
10B,7,10,10B4,No,222:225,183:183,348:360,285:297,372:372,291:291,255:258,194:194,302:302,345:357,249:249
10B,8,10,10B5,No,225:225,183:183,348:357,285:288,372:372,285:291,240:252,194:200,300:302,345:357,249:249
10B,9,10,10B6,No,210:225,183:183,348:357,282:285,372:372,285:291,249:252,194:194,300:302,345:354,249:270
10B,10,10,10B6,No,225:225,183:183,348:360,285:285,372:372,291:291,243:252,190:194,302:302,345:348,249:270
10C,0,10,NA,No,219:225,180:180,348:357,288:288,372:372,285:285,240:258,194:194,302:302,342:348,249:249
10C,1,10,10C1,No,219:219,177:180,357:357,285:288,372:372,285:285,240:246,194:206,302:302,348:354,249:249
10C,2,10,10C2,No,219:225,177:180,348:357,288:288,372:375,291:291,252:258,194:198,302:302,345:348,249:249
10C,3,10,10C2,No,225:225,180:180,357:357,288:288,372:372,285:291,234:240,194:198,302:302,345:348,249:249
10C,4,10,10C3,No,219:225,180:180,357:357,288:288,372:372,NA,240:258,190:194,302:302,345:348,249:249
10C,5,10,10C4,No,NA,180:180,NA,288:300,372:375,285:285,237:240,194:206,302:302,342:354,249:270
10C,6,10,10C5,No,222:225,180:183,348:354,288:297,372:372,285:291,240:252,194:194,302:302,345:348,249:249
10C,7,10,10C5,No,225:225,180:180,357:360,276:288,372:372,NA,240:243,194:194,302:302,348:348,249:270
10C,8,10,10C6,No,219:219,180:183,354:357,285:288,372:372,285:285,240:252,194:194,302:302,NA,NA
10C,9,10,10C6,No,225:225,180:180,357:360,288:288,372:372,285:291,249:258,194:194,302:302,345:348,249:249
10C,10,10,10C7,No,219:222,180:183,348:357,288:288,372:372,285:288,240:252,194:200,302:302,342:348,249:270
10C,11,10,10C8,No,219:225,180:180,357:360,285:288,372:372,285:291,240:252,190:194,302:302,339:348,249:270
10C,12,10,10C8,No,219:219,180:180,354:357,288:297,372:372,NA,237:240,194:194,302:302,342:351,249:249
10C,13,10,10C9,No,219:225,180:180,348:360,285:288,372:372,285:291,240:252,194:194,302:302,342:354,249:270
10C,14,10,10C9,No,219:225,180:183,348:348,288:297,372:372,285:291,252:258,194:200,302:302,345:348,249:249
10C,15,10,10C10,Yes,219:225,180:180,357:357,288:288,372:372,285:285,240:258,194:194,302:302,NA,249:249
10D,0,10,NA,No,222:225,180:189,345:357,276:288,372:372,291:291,240:243,190:198,302:302,345:357,249:249
10D,1,10,10D1,No,225:225,180:183,357:360,285:288,372:372,291:291,243:252,194:198,302:302,345:357,249:249
10D,2,10,10D1,No,225:225,180:183,348:357,276:276,372:372,291:291,237:240,186:198,302:302,345:348,249:249
10D,3,10,10D2,No,225:225,180:180,NA,288:288,372:372,285:291,NA,NA,302:302,NA,249:249
10D,4,10,10D2,No,225:225,180:180,NA,276:282,372:372,NA,237:240,198:198,302:302,345:357,249:249
10D,5,10,10D2,No,222:225,180:180,345:360,288:288,372:372,285:291,237:240,196:198,302:302,345:348,249:249
10D,6,10,10D3,No,222:222,180:183,345:360,288:288,372:372,285:291,243:246,190:206,302:302,354:357,249:249
10D,7,10,10D4,No,222:225,180:183,348:357,288:288,372:372,291:291,237:240,NA,302:302,357:357,249:249
10D,8,10,10D5,No,NA,180:180,345:345,276:276,372:372,NA,237:243,NA,300:302,345:357,249:249
10D,9,10,10D6,No,219:222,177:180,342:357,288:288,372:372,291:291,237:240,198:198,302:302,345:345,249:249
10D,10,10,10D6,No,NA,NA,NA,NA,372:372,291:291,NA,190:196,302:302,357:357,249:249
10E,0,10,NA,No,225:225,180:189,360:360,288:288,372:372,285:291,234:240,194:194,302:302,345:354,249:249
10E,1,10,10E1,No,225:225,180:180,348:348,288:288,372:375,285:285,231:234,186:194,302:302,348:354,249:249
10E,2,10,10E1,No,225:225,180:180,354:360,288:288,372:372,291:291,240:252,194:200,302:302,345:354,249:270
10E,3,10,10E2,No,222:225,180:180,354:354,288:291,372:372,285:285,231:234,194:198,302:302,354:354,249:249
10E,4,10,10E2,Yes,225:225,180:180,357:357,288:288,372:372,291:291,240:243,194:196,302:302,345:345,249:249
10E,5,10,10E3,Yes,225:225,180:180,360:360,288:288,372:372,291:291,234:240,194:194,302:302,345:354,249:249
10E,6,10,10E3,No,225:225,180:180,348:360,288:288,372:372,285:285,234:258,194:194,302:302,345:345,249:270
10E,7,10,10E4,No,225:225,180:183,360:360,276:288,372:372,291:291,237:240,194:194,302:302,342:354,249:249
10E,8,10,10E4,No,225:225,180:180,357:357,276:288,372:372,291:291,237:240,194:194,302:302,345:345,249:249
10E,9,10,10E5,No,225:225,180:180,357:360,285:288,372:372,291:291,240:252,194:200,302:302,345:351,249:249
10E,10,10,10E6,No,225:225,180:180,360:360,288:288,372:375,285:285,234:252,194:200,302:302,345:354,249:249
12A,0,12,NA,No,219:225,180:183,357:363,297:297,372:372,285:285,240:252,192:200,292:302,345:354,249:249
12A,1,12,12A1,No,219:225,183:186,357:366,288:297,372:372,285:285,240:252,194:200,292:294,345:348,249:249
12A,2,12,12A1,No,225:225,183:186,357:366,288:297,372:372,285:285,252:255,194:200,292:302,345:345,249:249
12A,3,12,12A1,No,225:225,183:186,363:363,288:288,372:372,285:285,252:255,NA,NA,NA,249:249
12A,4,12,12A2,Yes,219:219,183:183,357:363,288:297,372:372,285:285,240:255,192:192,NA,NA,249:249
12A,5,12,12A2,No,219:225,180:183,357:357,288:297,372:372,285:291,240:252,194:200,302:302,345:354,249:249
12A,6,12,12A2,No,225:225,183:183,345:357,282:282,372:372,285:291,240:240,194:200,290:292,345:345,249:249
12A,7,12,12A3,No,225:225,180:183,357:366,276:297,372:372,285:285,237:240,192:192,302:302,345:345,249:249
12A,8,12,12A3,Yes,225:225,183:183,357:363,285:285,366:372,291:291,NA,192:192,302:302,354:354,249:249
12A,9,12,12A4,No,225:225,180:180,357:357,285:297,372:372,288:288,240:252,198:200,302:302,348:354,249:249
12A,10,12,12A4,Yes,225:225,180:183,357:363,285:285,372:372,285:285,240:252,NA,302:302,345:345,249:249
12C,0,12,NA,No,225:225,180:189,357:357,276:285,372:372,288:288,249:252,194:200,302:302,345:348,249:249
12C,1,12,12C1,Yes,225:225,180:180,357:357,276:285,372:372,NA,249:252,194:200,302:302,327:348,249:249
12C,2,12,12C1,No,225:225,180:180,357:357,276:288,372:372,285:288,237:240,194:194,302:302,345:345,249:249
12C,3,12,12C1,Yes,225:225,180:180,357:357,285:285,372:372,288:291,NA,194:194,302:302,345:348,249:249
12C,4,12,12C2,No,225:225,180:183,357:366,276:285,372:372,288:291,249:252,194:194,302:302,345:348,249:249
12C,5,12,12C2,No,225:225,180:183,357:357,NA,372:372,288:288,249:252,192:200,302:302,345:348,249:249
12C,6,12,12C2,Yes,225:225,180:180,357:357,285:285,372:372,288:288,249:252,192:200,302:302,345:345,249:249
12C,7,12,12C3,No,225:225,180:180,357:360,276:288,372:372,288:288,249:252,NA,302:302,345:348,249:249
12C,8,12,12C3,No,225:225,180:183,357:357,276:276,372:372,288:291,NA,198:200,302:302,345:348,249:249
12C,9,12,12C4,No,225:225,177:180,357:360,285:294,372:372,NA,NA,194:194,302:302,345:354,249:249
12C,10,12,12C4,No,219:225,180:180,348:357,NA,372:372,288:288,249:255,194:194,302:302,348:348,249:249
12D,0,12,NA,No,219:225,183:183,360:360,276:285,372:372,285:291,243:252,200:206,302:302,345:348,249:249
12D,1,12,12D1,No,225:225,183:183,348:360,285:285,372:372,285:285,240:243,194:206,302:302,345:348,249:249
12D,2,12,12D1,No,219:225,183:183,357:360,276:285,372:372,285:291,240:243,194:200,302:302,348:360,249:249
12D,3,12,12D2,No,225:225,180:183,360:363,276:297,372:372,285:291,240:252,192:200,292:302,345:348,249:249
12D,4,12,12D2,No,219:219,180:183,360:363,276:282,372:372,285:285,243:252,200:206,292:302,345:345,249:249
12D,5,12,12D3,No,219:219,180:183,360:369,276:288,372:372,285:285,243:243,192:206,302:302,348:357,249:249
12D,6,12,12D3,No,219:219,183:183,360:369,276:276,372:372,285:285,243:252,194:200,302:302,345:357,249:255
12D,7,12,12D3,No,225:225,183:183,357:360,276:288,372:372,285:285,243:252,194:206,302:302,345:348,249:249
12D,8,12,12D4,No,225:225,180:183,342:360,285:285,372:372,291:291,240:243,194:200,302:302,345:345,249:249
12D,9,12,12D4,No,225:225,183:186,360:366,285:288,372:372,291:291,243:255,198:200,294:302,345:345,249:249
12D,10,12,12D5,No,219:225,183:183,360:360,276:285,372:372,285:291,249:252,194:206,302:302,348:357,249:249
12D,11,12,12D6,No,219:225,183:183,357:360,285:288,372:372,285:285,249:252,194:200,302:302,348:363,249:255
12D,12,12,12D7,No,225:225,183:183,360:360,285:285,372:372,285:291,240:243,204:206,302:302,345:345,249:249
12E,0,12,NA,No,225:225,180:183,345:360,276:276,372:372,285:285,249:252,194:206,302:302,345:357,249:249
12E,1,12,12E2,No,225:225,180:180,345:360,276:285,372:372,285:291,243:252,194:194,302:302,357:363,249:249
12E,2,12,12E3,No,NA,180:180,NA,NA,372:372,NA,249:252,194:194,302:302,NA,249:249
12E,3,12,12E3,No,225:225,180:180,360:360,276:288,372:372,291:291,249:252,204:206,302:302,345:348,249:249
12E,4,12,12E4,No,219:225,180:180,345:360,276:297,372:372,285:285,249:252,204:206,302:302,345:345,249:249
12E,5,12,12E4,No,219:225,180:180,360:360,276:276,372:372,285:285,249:252,192:206,302:302,345:357,249:249
12E,6,12,12E5,No,225:225,180:183,345:360,276:285,372:372,285:285,240:252,194:194,302:302,342:357,249:249
12E,7,12,12E6,No,219:225,180:180,357:360,276:276,372:372,291:291,249:252,200:206,302:302,345:357,249:249
12E,8,12,12E7,No,219:225,180:183,360:360,276:288,372:372,285:291,249:252,194:194,302:302,357:357,249:249
12E,9,12,12E7,No,225:225,180:183,345:369,276:297,372:372,285:291,240:252,198:206,302:302,345:363,249:249
12E,10,12,12E8,No,219:225,180:183,351:360,276:297,372:372,285:291,249:252,190:206,302:302,354:357,249:249
16A,0,16,NA,No,225:225,180:189,360:360,276:279,372:372,285:291,240:252,194:194,302:302,345:348,249:249
16A,1,16,16A1,No,219:225,180:183,360:366,276:285,372:372,285:285,252:255,194:194,302:302,345:348,249:249
16A,2,16,16A1,No,219:225,180:183,NA,NA,372:372,285:285,240:255,194:194,302:302,345:348,249:249
16A,3,16,16A1,No,225:225,180:183,360:366,279:288,372:372,291:291,240:252,194:194,302:302,348:348,249:249
16A,4,16,16A3,No,NA,180:180,NA,279:291,372:372,285:288,249:252,190:194,302:302,348:348,249:249
16A,5,16,16A3,No,225:225,180:180,360:360,279:297,372:375,285:285,243:252,194:194,302:302,345:354,249:249
16A,6,16,16A3,No,219:225,180:183,360:360,279:297,372:372,285:291,240:252,190:194,302:302,348:348,249:249
16A,7,16,16A4,No,225:225,183:183,357:360,276:285,372:375,291:291,237:240,194:194,302:302,348:348,249:249
16A,8,16,16A4,No,225:225,183:183,360:360,276:285,372:375,291:291,249:252,194:200,302:302,345:345,249:249
16A,9,16,16A5,Yes,225:225,180:183,360:360,276:279,372:372,285:291,NA,194:194,302:302,348:348,249:249
16A,10,16,16A5,No,219:225,180:183,360:360,276:276,372:372,285:285,240:255,194:194,302:302,NA,249:249
16A,11,16,16A6,Yes,225:225,180:180,360:360,276:279,372:372,285:291,NA,194:194,302:302,345:348,249:249
16A,12,16,16A6,No,219:225,180:180,360:360,276:282,372:372,285:288,240:240,190:194,302:302,NA,249:249
16B,0,16,NA,No,222:225,180:183,357:357,288:297,372:372,291:291,243:252,192:200,302:302,345:354,249:270
16B,1,16,16B1,No,222:225,180:183,357:360,285:297,372:372,285:291,243:252,192:192,300:302,345:345,270:270
16B,2,16,16B1,No,225:225,180:183,357:363,288:297,372:375,285:291,240:243,192:194,302:302,345:354,249:249
16B,3,16,16B2,No,225:225,183:183,357:357,279:297,372:372,291:291,237:240,192:194,302:302,354:354,249:249
16B,4,16,16B2,No,225:225,180:183,357:360,276:288,372:372,285:291,249:252,192:192,302:302,348:354,270:270
16B,5,16,16B3,Yes,225:225,183:183,357:357,288:288,372:372,NA,243:252,192:200,302:302,354:354,270:270
16B,6,16,16B3,No,225:225,180:183,345:357,288:297,372:372,291:291,243:255,192:194,302:302,345:354,249:249
16B,7,16,16B4,No,222:222,183:183,348:357,276:297,372:372,291:291,240:255,192:192,302:302,345:354,249:270
16B,8,16,16B5,No,222:225,180:183,357:360,288:297,372:372,291:291,240:243,192:200,302:304,345:354,249:270
16B,9,16,16B5,Yes,225:225,183:183,357:357,297:297,372:372,285:285,243:252,192:192,302:302,354:354,NA
16B,10,16,16B5,No,222:225,180:183,357:357,297:297,372:372,288:288,240:252,192:194,300:302,345:354,249:249
16C,0,16,NA,No,219:219,183:189,345:357,276:288,372:372,288:288,249:252,194:200,302:302,345:348,249:249
16C,1,16,16C1,No,219:222,183:183,357:357,276:276,372:372,288:288,249:252,200:206,302:302,345:354,249:270
16C,2,16,16C1,No,219:225,180:183,345:360,276:276,372:372,291:291,249:252,192:200,300:302,345:348,249:249
16C,3,16,16C2,No,219:225,180:183,357:363,285:288,372:372,288:291,240:252,190:194,302:302,348:369,249:249
16C,4,16,16C2,No,219:225,183:183,357:360,276:288,372:375,291:291,240:252,194:194,300:302,345:354,249:249
16C,5,16,16C3,No,219:219,180:183,357:360,276:282,372:372,288:288,249:252,194:200,302:302,348:354,249:249
16C,6,16,16C3,No,219:225,180:183,357:360,285:288,372:372,291:291,249:252,194:200,302:302,345:348,249:270
16C,7,16,16C4,No,219:225,180:183,345:360,276:279,372:372,288:291,240:252,194:200,302:302,336:345,249:249
16C,8,16,16C4,No,219:219,183:183,345:366,276:285,372:372,NA,249:252,194:200,302:302,345:348,249:249
16C,9,16,16C5,No,219:219,180:183,357:357,288:297,372:372,288:291,240:252,194:194,300:302,345:345,249:249
16C,10,16,16C5,No,219:225,183:183,357:366,285:288,372:375,285:288,240:252,198:200,300:302,348:348,249:249
16C,11,16,16C6,No,219:219,180:183,357:357,288:297,372:372,285:288,249:252,NA,302:302,NA,249:249
16C,12,16,16C6,No,219:219,180:183,348:357,288:297,372:372,288:291,249:252,190:200,302:302,345:357,249:249
16E,0,16,NA,No,225:225,180:183,357:360,282:297,372:372,288:288,252:255,192:192,302:302,348:354,249:270
16E,1,16,16E1,No,225:225,180:183,360:360,285:297,372:372,285:285,249:252,198:200,302:302,354:354,249:270
16E,2,16,16E1,No,225:225,180:183,357:357,279:282,372:372,288:288,249:252,192:192,302:302,348:354,249:270
16E,3,16,16E1,No,225:225,180:180,357:360,276:282,372:375,285:288,249:252,192:192,302:302,354:354,249:249
16E,4,16,16E2,No,219:225,177:180,354:360,288:297,372:372,285:288,240:255,192:194,302:302,336:354,249:249
16E,5,16,16E2,No,225:225,180:183,NA,288:297,372:372,288:288,NA,192:200,300:302,345:354,249:249
16E,6,16,16E2,No,219:225,180:183,357:360,282:288,372:372,285:288,237:252,192:194,302:302,348:351,249:249
16E,7,16,16E3,No,219:225,180:183,357:360,288:297,372:372,288:291,NA,184:192,302:302,345:348,249:261
16E,8,16,16E3,No,225:225,180:183,354:357,282:288,372:372,288:291,252:255,192:206,300:302,348:354,270:270
16E,9,16,16E4,No,225:225,180:183,357:360,288:297,372:372,288:288,243:252,192:200,302:302,345:348,249:270
16E,10,16,16E4,No,225:225,183:183,357:357,282:285,372:372,288:288,243:252,192:208,302:302,348:348,249:249
16E,11,16,16E4,No,225:225,180:183,357:360,297:297,372:375,288:288,240:252,192:194,294:302,348:348,249:249
16E,12,16,16E5,No,225:225,180:183,357:357,282:285,372:375,288:291,249:252,192:194,294:302,345:354,249:270
16E,13,16,16E5,No,225:225,180:180,357:360,285:285,372:372,285:288,252:252,192:200,302:302,354:354,249:249
24A,0,24,NA,No,219:219,180:189,357:360,288:288,372:372,285:285,240:252,194:198,302:302,348:351,249:249
24A,1,24,24A1,Yes,219:219,180:183,357:360,288:288,372:372,285:285,240:252,194:194,302:302,348:348,249:249
24A,2,24,24A1,No,219:225,180:180,360:360,288:297,372:372,285:285,240:246,194:198,300:302,348:378,249:249
24A,3,24,24A1,No,219:225,180:186,NA,282:288,372:372,285:285,NA,NA,300:302,NA,249:249
24A,4,24,24A2,No,219:225,180:186,357:360,285:288,372:372,285:288,240:252,194:194,302:302,345:348,249:249
24A,5,24,24A2,No,219:225,180:180,357:360,288:288,372:372,285:285,240:252,194:194,290:302,345:348,249:249
24A,6,24,24A2,No,219:225,180:183,360:360,276:288,372:372,285:285,252:255,194:198,294:302,345:348,249:249
24A,7,24,24A3,No,219:225,180:183,345:357,285:288,372:372,NA,NA,190:194,302:302,345:348,249:249
24A,8,24,24A3,No,219:219,180:183,345:357,285:288,372:372,285:291,252:255,194:198,302:302,345:348,249:249
24A,9,24,24A3,No,219:219,180:180,345:360,285:288,372:372,285:291,240:255,190:194,302:302,345:351,249:249
24A,10,24,24A4,No,219:225,180:183,357:360,288:288,372:372,285:288,240:255,198:198,302:302,345:348,249:249
24A,11,24,24A4,No,219:225,180:183,357:366,288:288,372:372,285:291,243:252,194:194,302:302,345:351,249:249
24B,0,24,NA,No,225:225,180:183,348:360,288:288,372:372,285:285,240:249,190:194,302:302,345:348,249:270
24B,1,24,24B1,No,225:225,180:183,345:348,285:288,372:372,285:291,240:249,190:190,302:302,345:348,249:270
24B,2,24,24B1,No,225:225,183:183,348:366,285:288,372:372,285:285,249:252,190:194,294:302,345:345,249:270
24B,3,24,24B1,No,219:225,180:180,348:360,288:288,372:372,285:285,240:249,190:194,302:302,348:348,249:270
24B,4,24,24B2,No,219:225,180:183,360:360,288:288,372:372,285:288,240:252,190:194,302:302,348:348,249:270
24B,5,24,24B2,No,219:225,180:180,348:360,288:288,372:372,285:285,249:252,190:206,302:302,342:345,249:270
24B,6,24,24B3,No,219:225,180:180,348:357,288:288,372:372,285:285,249:252,194:206,302:302,345:345,249:270
24B,7,24,24B3,No,225:225,180:183,345:348,285:288,372:372,285:285,249:252,194:194,302:302,345:345,249:270
24B,8,24,24B4,No,225:225,180:180,348:357,276:288,372:372,285:285,249:252,190:194,302:302,345:345,249:270
24B,9,24,24B4,No,225:225,183:183,357:360,276:288,372:372,285:285,249:255,192:194,302:302,345:348,249:270
24B,10,24,24B5,No,225:225,180:180,348:360,288:288,372:372,285:285,249:255,190:194,302:302,348:348,270:270
24C,0,24,NA,No,225:225,183:183,348:363,276:288,372:372,285:285,249:252,192:194,294:302,345:351,249:270
24C,1,24,24C1,No,225:225,180:183,360:363,276:276,372:372,285:288,249:252,190:194,294:302,345:345,249:249
24C,2,24,24C1,No,219:225,180:183,360:363,276:288,372:372,285:285,243:252,194:194,302:302,348:351,249:270
24C,3,24,24C2,No,225:225,180:183,345:348,288:297,372:372,285:285,240:252,192:198,294:302,351:378,249:249
24C,4,24,24C2,No,225:225,180:183,360:363,288:297,372:372,285:285,240:252,198:210,294:302,351:351,249:249
24C,5,24,24C2,No,225:234,180:183,363:363,276:285,372:372,285:285,249:252,194:198,294:302,348:351,249:249
24C,6,24,24C3,No,225:225,180:183,360:363,276:276,372:372,285:285,249:252,194:194,292:294,345:345,249:249
24C,7,24,24C3,No,225:225,183:183,363:363,276:288,372:372,285:291,246:252,194:194,302:302,345:351,249:249
24C,8,24,24C4,No,219:225,180:183,348:360,288:297,372:375,285:285,243:252,194:194,302:302,345:348,249:270
24C,9,24,24C4,No,219:225,183:186,348:360,288:297,372:372,285:285,240:252,194:194,294:302,348:351,249:270
24C,10,24,24C4,No,219:225,180:183,357:363,285:288,372:372,285:291,249:252,198:200,294:294,345:351,249:249
24C,11,24,24C5,No,225:225,183:183,348:357,288:288,372:372,285:285,228:252,194:198,294:302,345:354,249:249
24D,0,24,NA,No,219:225,180:186,360:360,276:297,372:375,288:291,240:258,192:200,302:302,345:348,249:249
24D,1,24,24D1,No,219:225,180:180,360:366,288:297,372:372,285:288,240:252,192:194,300:302,345:351,249:249
24D,2,24,24D1,No,219:225,180:183,360:360,276:288,372:372,285:288,240:252,192:206,300:302,345:345,249:249
24D,3,24,24D2,No,225:225,180:183,360:360,297:297,372:372,285:291,NA,192:194,292:302,345:351,249:249
24D,4,24,24D2,No,219:225,180:183,360:363,288:297,372:372,285:288,240:252,192:198,302:302,348:348,249:249
24D,5,24,24D3,No,219:225,180:183,360:369,276:297,372:372,285:285,240:252,192:192,300:302,348:351,249:249
24D,6,24,24D4,No,225:225,180:183,360:360,276:285,372:372,285:291,240:252,194:206,302:302,333:345,249:249
24D,7,24,24D4,No,225:231,180:183,360:360,276:288,372:375,288:288,237:240,192:194,300:302,348:348,249:249
24D,8,24,24D5,No,219:225,180:183,360:360,285:297,372:372,285:291,237:240,192:194,302:302,345:345,249:270
24D,9,24,24D5,No,225:225,180:180,348:360,297:297,372:372,285:288,240:252,192:194,302:302,348:348,249:249
24D,10,24,24D6,No,225:225,180:180,360:360,276:288,372:372,285:285,240:243,194:194,290:302,345:345,249:249
24D,11,24,24D6,No,225:225,180:180,360:360,288:288,372:372,288:291,240:243,194:194,290:302,348:348,249:249
24E,0,24,NA,No,219:219,180:180,348:360,276:288,372:372,285:285,234:252,194:200,302:304,348:351,249:270
24E,1,24,24E1,No,219:219,180:186,348:360,276:276,372:372,285:285,234:255,192:194,304:304,351:351,267:270
24E,2,24,24E1,No,219:225,180:183,360:366,276:297,372:372,285:291,231:234,198:200,302:304,348:348,249:249
24E,3,24,24E1,Yes,219:219,183:183,NA,288:288,372:372,NA,NA,NA,304:304,348:348,249:249
24E,4,24,24E2,Yes,219:219,180:183,348:348,NA,372:372,285:285,252:255,194:194,302:302,345:348,270:270
24E,5,24,24E2,No,219:222,180:183,NA,288:288,372:372,285:285,243:252,200:206,302:304,333:351,249:249
24E,6,24,24E2,No,219:225,180:183,360:360,288:291,372:372,291:291,246:252,194:194,294:304,NA,249:270
27A,0,27,NA,No,219:225,183:189,348:360,276:297,372:372,285:291,240:243,194:194,302:302,348:357,249:249
27A,1,27,27A1,No,219:219,180:183,360:360,276:282,372:372,291:291,243:249,194:194,300:302,345:348,249:249
27A,2,27,27A1,No,219:219,180:183,360:360,276:285,372:375,285:291,240:243,194:198,300:302,348:357,249:249
27A,3,27,27A1,No,219:225,180:183,360:360,276:285,372:372,285:291,240:243,192:194,302:302,348:354,249:249
27A,4,27,27A2,No,219:219,180:183,348:360,276:276,372:372,288:291,240:243,194:194,302:302,345:357,249:249
27A,5,27,27A2,No,219:222,177:180,360:360,276:297,372:375,291:291,240:243,194:194,300:302,348:348,249:249
27A,6,27,27A3,No,219:219,183:183,360:360,276:288,372:372,288:291,243:255,190:194,302:302,345:357,249:249
27A,7,27,27A3,No,225:225,180:183,360:360,276:288,372:372,291:291,243:258,194:194,302:302,345:357,249:270
27A,8,27,27A4,No,219:225,180:183,348:360,276:276,372:372,285:291,240:255,194:194,302:302,348:354,249:249
27A,9,27,27A4,No,222:225,180:183,348:360,276:285,372:372,285:291,240:243,194:194,302:302,348:354,249:249
27A,10,27,27A5,No,225:225,180:183,360:360,276:297,372:375,291:291,240:243,194:194,302:302,354:357,249:249
27A,11,27,27A5,No,219:225,180:183,348:348,297:297,372:372,285:285,243:255,192:194,300:302,342:357,249:249
27B,0,27,NA,No,219:225,180:189,357:357,276:300,372:375,285:291,243:249,194:200,302:302,345:354,249:249
27B,1,27,27B1,No,219:225,180:180,357:357,276:276,372:372,291:291,249:252,194:200,302:302,354:372,249:249
27B,2,27,27B1,No,219:219,NA,357:357,276:276,375:375,291:291,NA,198:200,292:302,345:354,249:249
27B,3,27,27B2,No,225:225,180:180,348:357,282:288,375:375,300:300,243:255,194:198,302:302,345:357,249:261
27B,4,27,27B2,No,219:225,180:180,348:357,282:288,372:372,291:291,237:240,194:194,302:302,345:372,249:249
27B,5,27,27B3,No,210:225,180:183,357:360,276:297,372:375,291:291,231:234,194:200,302:302,354:354,249:261
27B,6,27,27B3,No,225:228,180:183,357:360,282:285,372:372,285:291,237:243,190:194,302:302,333:345,249:249
27B,7,27,27B3,No,219:228,180:183,357:360,285:285,372:372,285:291,240:246,190:194,302:302,354:357,249:249
27B,8,27,27B4,No,219:219,180:180,357:357,276:276,372:375,285:291,237:240,186:194,292:302,333:354,249:261
27B,9,27,27B4,No,219:219,180:180,357:360,276:276,372:375,285:285,246:249,186:194,292:302,345:345,249:261
27B,10,27,27B5,No,219:225,180:180,357:360,276:297,372:375,285:285,252:255,NA,302:302,345:345,249:249
27D,0,27,NA,No,225:225,180:189,348:360,288:297,372:372,285:291,240:240,194:194,302:302,345:345,249:270
27D,1,27,27D1,No,225:225,180:183,360:360,276:288,372:372,291:291,237:240,194:194,302:302,345:354,249:249
27D,2,27,27D1,No,225:225,180:180,360:360,288:288,372:372,291:291,240:258,194:208,302:302,345:345,249:249
27D,3,27,27D1,No,219:225,180:180,348:360,288:297,372:372,291:291,240:255,194:194,302:302,345:357,249:270
27D,4,27,27D2,No,225:225,180:183,360:360,297:297,372:372,291:291,240:255,194:194,302:302,345:360,249:270
27D,5,27,27D2,No,219:225,180:183,348:348,297:297,372:372,285:285,240:252,194:208,302:302,345:372,270:270
27D,6,27,27D3,No,225:225,180:180,360:360,288:288,372:372,285:291,240:258,194:194,302:302,345:345,249:249
27D,7,27,27D3,No,225:225,180:180,348:357,297:297,372:372,291:291,240:243,194:194,302:302,345:345,249:249
27D,8,27,27D3,No,225:225,180:183,360:360,288:288,372:372,291:291,240:243,194:194,302:302,345:348,249:249
27E,0,27,NA,No,225:225,180:180,360:360,276:276,372:372,288:291,249:252,192:192,302:302,345:348,249:249
27E,1,27,27E1,No,225:225,180:180,360:360,276:276,372:372,288:291,240:243,192:200,302:302,345:345,249:249
27E,2,27,27E1,No,225:225,180:183,360:360,276:297,372:372,288:288,252:255,192:192,302:302,345:348,249:249
27E,3,27,27E1,No,225:225,180:180,357:360,276:276,372:372,288:291,240:243,186:194,302:302,345:348,249:249
27E,4,27,27E2,No,222:225,180:180,360:360,276:297,372:372,291:291,252:255,192:200,302:302,345:348,249:270
27E,5,27,27E2,No,225:225,180:183,357:360,276:276,372:372,288:291,240:252,192:192,302:302,345:354,249:249
27E,6,27,24E3,No,225:225,180:180,354:360,276:297,372:372,288:291,243:252,192:192,302:302,345:348,249:270
27E,7,27,24E4,No,225:225,180:180,NA,276:276,372:372,288:291,252:252,194:200,302:302,345:348,249:249
27E,8,27,24E5,No,225:228,180:180,360:360,276:276,372:375,291:291,246:252,194:194,302:302,345:351,249:249
27E,9,27,24E6,No,225:225,180:183,357:360,276:288,372:372,288:291,249:252,192:206,302:302,330:345,249:249
27E,10,27,27E7,No,225:225,180:180,360:360,276:297,372:372,285:288,243:252,192:200,302:302,345:354,249:249
27E,11,27,27E7,No,225:225,180:180,NA,NA,372:375,288:288,243:252,194:194,302:302,348:354,249:249
28B,0,28,NA,No,225:225,180:180,360:360,288:297,372:372,285:285,240:246,194:204,302:302,345:348,249:249
28B,1,28,28B1,No,225:225,180:183,360:360,288:297,372:372,285:285,240:243,202:204,302:302,345:345,249:249
28B,2,28,28B1,No,225:225,180:186,360:360,288:288,372:372,285:291,NA,194:194,302:302,NA,249:249
28B,3,28,28B2,No,225:225,180:180,360:360,297:297,372:372,285:285,240:246,202:204,302:302,345:348,249:249
28B,4,28,28B2,No,225:225,180:183,360:360,288:297,372:372,285:285,237:240,194:194,302:302,345:348,249:249
28B,5,28,28B2,No,225:225,180:180,360:360,297:297,372:372,285:285,243:246,194:204,302:302,345:348,249:249
28C,0,28,NA,No,219:222,180:183,357:360,282:285,372:372,285:291,240:252,194:194,300:302,345:345,249:249
28C,1,28,28C1,No,222:222,180:183,360:360,285:285,372:372,285:285,237:240,194:194,302:302,345:345,249:249
28C,2,28,28C1,No,219:219,180:183,357:357,285:297,372:372,285:285,240:252,190:194,300:302,345:354,249:249
28C,3,28,28C1,No,219:222,180:183,357:360,285:288,372:372,291:291,249:252,194:194,302:302,345:348,249:249
28C,4,28,28C2,No,222:225,180:180,357:357,285:288,372:372,288:288,243:252,194:194,300:302,345:360,249:249
28C,5,28,28C2,No,222:225,183:183,357:360,285:288,372:372,288:288,249:252,194:194,300:302,345:360,249:249
28C,6,28,28C3,No,222:225,180:183,357:360,276:285,372:372,285:285,237:240,194:194,300:302,345:354,249:249
28C,7,28,28C3,No,222:225,180:180,360:360,276:282,372:372,285:285,240:252,194:194,300:302,345:354,249:249
28C,8,28,28C3,No,219:225,183:183,360:360,276:282,372:372,285:291,237:240,194:194,302:302,345:345,249:249
28C,9,28,28C4,No,219:225,180:183,357:357,285:288,372:372,288:288,240:255,194:194,292:302,336:345,249:249
28C,10,28,28C4,No,219:225,180:183,357:360,285:285,372:372,291:291,252:252,194:194,294:302,345:345,249:249
28C,11,28,28C4,No,222:225,183:183,357:360,285:285,372:372,291:291,249:252,194:206,300:302,345:354,249:249
28D,0,28,NA,No,225:228,183:183,342:360,276:288,372:372,291:291,252:255,192:202,302:302,345:348,249:249
28D,1,28,28D1,No,225:225,180:183,342:360,288:291,372:372,291:291,240:255,186:192,302:302,345:348,249:261
28D,2,28,28D1,Yes,225:228,183:183,342:342,288:288,372:372,291:291,249:252,190:190,302:302,348:348,249:249
28D,3,28,28D1,No,225:225,183:183,342:360,276:288,372:372,291:291,252:255,200:202,300:302,348:348,249:249
28D,4,28,28D2,No,225:225,183:183,357:360,288:288,372:372,291:291,228:252,192:200,302:302,345:363,249:249
28D,5,28,28D3,No,225:225,180:183,342:348,276:276,372:372,291:291,NA,194:194,302:302,NA,249:249
28D,6,28,28D3,Yes,228:228,183:183,NA,NA,372:372,291:291,NA,NA,302:302,NA,249:249
28D,7,28,28D4,No,225:225,183:186,360:360,276:288,372:372,291:291,249:252,192:202,302:302,345:354,249:249
28D,8,28,28D4,No,225:228,180:183,342:357,288:303,372:375,285:291,246:252,192:192,302:302,348:360,249:249
28E,0,28,NA,No,225:225,180:183,345:357,288:288,372:372,288:291,240:240,194:194,292:302,345:345,249:249
28E,1,28,28E1,No,225:225,183:183,345:357,288:288,372:372,288:288,NA,194:194,302:302,333:354,249:249
28E,2,28,28E1,No,225:225,180:183,345:360,288:288,372:372,288:288,237:240,194:194,292:302,345:345,249:249
28E,3,28,28E1,No,225:225,183:183,354:357,288:288,372:372,291:291,237:240,194:194,292:302,345:345,249:249
28E,4,28,28E2,No,225:225,NA,NA,288:288,372:372,288:288,240:258,194:194,292:302,345:345,249:249
28E,5,28,28E2,No,225:225,180:186,357:360,276:288,372:372,288:291,237:240,194:204,292:302,333:345,249:249
28E,6,28,28E3,No,219:225,180:180,345:360,288:288,372:372,285:291,237:240,194:204,302:302,333:345,249:267
28E,7,28,28E3,No,225:225,180:183,345:345,276:288,372:372,291:291,240:252,NA,302:302,NA,249:249
28E,8,28,28E4,No,NA,180:183,NA,288:288,372:372,288:291,240:255,194:202,292:302,345:348,249:249
28E,9,28,28E4,No,225:228,183:183,NA,NA,372:372,288:288,240:252,194:202,302:302,333:345,249:249
28E,10,28,28E4,No,225:225,180:183,345:360,276:288,372:372,288:288,240:255,194:194,302:302,333:345,249:249
29A,0,29,NA,No,219:225,180:183,357:360,285:297,372:372,291:291,240:243,194:194,302:302,333:345,249:249
29A,1,29,29A1,No,222:225,180:183,360:360,285:297,372:372,291:291,243:243,194:194,302:302,333:357,249:249
29A,2,29,29A1,No,222:225,183:183,360:360,285:288,372:372,291:291,243:255,194:194,302:302,345:366,249:249
29A,3,29,29A3,No,219:225,180:183,345:360,285:288,372:372,294:300,NA,190:194,292:302,345:357,249:249
29A,4,29,29A4,No,219:222,180:183,360:363,285:288,372:372,291:291,243:252,194:194,302:302,333:333,249:249
29A,5,29,29A4,No,219:225,180:183,357:357,285:297,372:375,285:291,255:258,194:200,302:302,333:348,249:270
29B,0,29,NA,No,216:225,180:183,357:360,276:288,372:372,285:285,249:255,194:194,302:302,345:348,249:249
29B,1,29,29B1,No,222:225,180:180,360:360,285:288,372:372,285:285,249:252,186:194,302:302,348:348,249:249
29B,2,29,29B1,No,216:225,183:183,357:360,276:285,372:372,285:285,237:240,194:194,302:302,345:345,249:249
29B,3,29,29B2,No,216:225,180:183,357:360,276:288,372:375,285:285,249:252,194:202,300:302,348:351,249:249
29B,4,29,29B2,No,216:225,180:183,360:360,276:288,372:372,285:285,249:252,194:194,302:302,348:348,249:249
29B,5,29,29B3,No,225:225,183:183,345:360,276:285,372:372,285:291,240:243,194:196,290:302,348:354,249:249
29B,6,29,29B3,No,216:225,180:180,348:360,285:288,372:372,285:285,240:255,194:194,300:302,348:354,249:249
29B,7,29,29B4,No,216:225,180:183,348:360,276:288,372:372,285:291,249:255,190:194,302:302,348:351,249:249
29B,8,29,29B4,No,225:225,180:183,348:360,276:288,372:372,285:291,249:252,190:194,300:302,345:351,249:249
29B,9,29,29B4,No,225:225,180:183,360:360,276:276,372:372,285:285,NA,194:194,302:302,345:348,249:249
29B,10,29,29B5,No,216:219,180:183,345:360,276:297,372:372,285:285,240:243,194:194,302:302,348:354,249:249
29B,11,29,29B5,No,225:225,180:180,360:360,288:297,372:372,285:291,249:252,194:194,302:302,345:345,249:249
29C,0,29,NA,No,216:219,180:180,360:360,288:288,372:372,285:285,249:252,194:194,302:302,345:345,249:249
29C,1,29,29C1,No,216:225,180:180,360:360,288:288,372:372,285:288,249:252,194:194,302:302,345:357,249:249
29C,2,29,29C1,No,219:225,180:180,357:360,276:288,372:372,285:285,249:252,194:200,302:302,345:345,249:249
29C,3,29,29C1,No,219:225,180:180,354:360,288:288,372:372,285:285,249:252,194:200,302:302,345:345,249:249
29C,4,29,29C2,No,219:222,180:183,360:360,288:288,372:372,285:285,249:252,194:194,292:302,345:357,249:249
29C,5,29,29C2,No,219:225,180:183,360:360,285:288,372:375,285:291,249:252,194:194,302:306,345:345,249:270
29C,6,29,29C3,No,219:225,180:180,357:360,276:288,372:372,285:285,249:255,194:194,300:302,345:345,249:249
29C,7,29,29C3,No,219:225,180:180,NA,NA,372:372,285:285,249:252,194:194,302:302,345:345,249:249
29C,8,29,29C3,No,219:225,180:183,357:360,276:288,372:372,285:285,252:255,194:194,302:302,345:345,249:249
29C,9,29,29C4,No,216:222,180:183,360:360,288:288,372:372,285:285,249:255,194:194,302:306,345:345,249:249
29C,10,29,29C4,No,216:225,180:180,360:360,288:300,372:372,285:285,240:252,194:194,302:302,345:354,249:249
29C,11,29,29C4,No,216:219,180:183,360:360,288:288,372:372,285:285,249:252,194:194,302:302,345:345,249:249
29D,0,29,NA,No,225:225,180:189,360:360,288:297,372:372,291:294,249:252,194:198,302:302,345:345,249:249
29D,1,29,29D1,No,219:225,180:180,360:360,288:297,372:372,294:300,249:255,198:200,302:302,345:354,249:249
29D,2,29,29D1,No,225:225,180:180,348:360,276:297,372:372,288:291,249:252,194:194,302:302,345:345,249:249
29D,3,29,29D1,No,225:225,180:183,348:360,276:288,372:372,285:291,240:252,194:198,302:302,345:354,249:249
29D,4,29,29D2,No,225:225,180:180,360:360,288:297,372:372,291:291,240:252,NA,298:302,345:348,249:249
29D,5,29,29D2,No,225:225,180:180,357:360,276:297,372:372,291:291,249:252,190:194,302:302,342:345,249:249
29D,6,29,29D3,No,225:225,180:183,360:360,285:288,372:372,NA,NA,194:194,302:302,345:348,249:249
29D,7,29,29D3,No,225:225,180:183,360:360,288:297,372:372,300:300,249:255,194:198,302:302,345:351,249:270
29D,8,29,29D3,No,225:225,180:180,360:360,288:297,372:375,285:291,249:252,194:194,302:302,345:345,249:249
29D,9,29,29D4,No,225:225,180:180,360:360,276:288,372:372,285:291,234:249,190:198,302:302,345:357,249:249
29D,10,29,29D4,No,225:225,180:180,360:360,276:288,372:372,285:291,252:255,194:198,302:302,345:345,249:249
29E,0,29,NA,No,219:225,180:183,348:354,276:300,372:372,291:291,243:252,194:200,302:302,333:348,249:249
29E,1,29,29E1,No,219:225,183:183,354:354,288:300,372:372,291:291,240:252,194:200,302:302,333:342,249:249
29E,2,29,29E2,No,219:225,183:183,348:354,276:300,372:372,285:285,240:243,190:200,302:302,348:351,249:249
29E,3,29,29E2,No,219:225,180:183,348:360,276:288,372:372,291:291,243:243,206:206,302:302,333:354,249:249
29E,4,29,29E2,No,225:225,180:183,354:354,288:300,372:372,291:291,243:252,194:194,302:302,345:345,249:249
29E,5,29,29E3,No,219:222,183:183,354:357,297:300,372:372,291:291,240:252,194:204,302:302,333:345,249:249
29E,6,29,29E3,No,225:225,180:183,348:360,276:297,372:375,285:291,243:252,192:200,302:302,333:360,249:270
29E,7,29,29E3,No,219:225,183:183,348:357,276:276,372:372,285:285,240:243,194:202,302:302,333:345,249:249
29E,8,29,29E4,No,219:219,183:183,345:354,288:300,372:372,291:291,240:243,194:194,302:302,333:357,249:249
29E,9,29,29E4,No,219:225,180:183,348:360,276:288,372:372,285:291,240:243,194:194,302:302,348:348,249:249
29E,10,29,29E4,No,225:225,180:180,NA,NA,372:372,285:285,240:243,194:200,302:302,348:360,249:249
31A,0,31,NA,No,219:219,180:183,357:360,276:285,372:372,285:285,240:255,186:200,302:302,348:357,249:249
31A,1,31,31A1,No,219:225,180:183,357:357,285:285,372:372,285:291,243:255,186:194,300:302,342:357,249:249
31A,2,31,31A1,No,219:222,180:180,360:366,276:285,372:372,285:291,243:255,198:200,302:302,345:357,249:249
31A,3,31,31A1,No,NA,183:183,345:345,276:297,372:372,285:291,240:243,194:200,302:302,348:348,249:270
31A,4,31,31A2,No,219:219,180:180,360:360,279:285,372:372,291:291,240:240,186:186,302:302,354:357,249:249
31A,5,31,31A3,No,219:219,180:180,360:360,285:312,372:372,285:285,252:255,200:200,302:302,357:357,249:270
31A,6,31,31A3,No,219:219,180:180,360:360,NA,372:372,285:285,240:255,NA,302:302,357:357,249:270
31A,7,31,31A3,No,219:225,183:183,360:360,276:276,372:372,NA,252:255,186:186,302:302,357:357,249:249
31A,8,31,31A4,No,219:225,180:180,360:360,285:285,372:372,285:285,237:240,200:200,294:302,348:348,249:249
31A,9,31,31A5,No,219:225,180:180,360:360,276:288,372:372,285:285,240:255,194:200,302:302,348:357,249:249
31B,0,31,NA,No,219:225,180:180,357:360,279:291,366:372,285:285,237:240,194:200,302:304,345:345,249:249
31B,1,31,31B1,No,219:225,180:180,348:360,279:288,372:372,285:285,237:240,186:200,302:302,336:345,249:249
31B,2,31,31B1,Yes,219:219,180:180,345:360,279:279,366:366,285:285,240:243,188:200,302:302,345:357,249:249
31B,3,31,31B2,No,219:225,180:180,357:360,279:297,372:372,285:288,240:243,200:200,302:302,345:354,249:249
31B,4,31,31B2,No,219:225,180:183,357:357,279:279,369:372,285:285,240:240,190:200,302:304,345:354,249:249
31B,5,31,31B2,Yes,219:225,180:180,357:360,279:288,372:372,285:285,240:240,188:200,302:302,357:357,249:249
31B,6,31,31B3,Yes,219:219,180:180,357:360,279:288,366:372,285:285,237:240,NA,302:302,345:345,249:249
31B,7,31,31B3,No,225:225,180:180,357:357,279:288,372:372,285:285,231:234,NA,304:304,345:348,249:249
31B,8,31,31B3,No,NA,180:180,357:357,285:300,372:372,285:285,237:240,190:200,294:304,345:345,249:249
31B,9,31,31B4,Yes,219:219,180:180,360:360,279:279,366:372,285:285,234:237,194:194,302:304,357:357,249:249
31B,10,31,31B4,No,219:225,180:183,357:360,288:291,372:375,285:288,234:240,190:200,302:304,348:357,249:249
31D,0,31,NA,No,219:225,180:180,357:360,288:288,372:372,285:291,240:255,190:192,302:302,345:372,249:249
31D,1,31,31D1,No,225:225,180:183,348:348,NA,372:372,288:291,NA,192:194,302:302,354:372,249:270
31D,2,31,31D2,Yes,225:225,180:180,357:357,282:288,372:372,285:291,237:240,192:192,302:302,372:372,249:249
31D,3,31,31D2,No,219:225,180:180,360:360,288:288,372:372,285:285,249:252,192:200,302:304,NA,249:249
31D,4,31,31D2,No,219:225,180:180,357:357,282:288,372:372,285:291,240:243,192:194,302:308,333:345,249:249
31D,5,31,31D3,No,219:222,180:180,345:357,285:288,372:372,300:300,240:255,192:204,302:302,357:372,249:249
31D,6,31,31D3,No,219:225,180:180,360:360,276:288,372:372,291:291,237:240,190:200,302:302,351:372,249:249
31D,7,31,31D3,Yes,219:225,180:180,357:360,288:288,372:372,285:291,237:240,190:190,302:302,345:372,249:249
31D,8,31,31D4,No,219:225,180:183,357:363,288:288,372:372,285:285,240:252,192:198,302:302,348:372,249:255
31D,9,31,31D4,No,219:222,180:180,348:357,288:288,372:372,285:285,237:240,192:200,302:302,354:372,249:249
31D,10,31,31D4,No,219:225,180:180,360:360,300:300,372:372,285:291,234:240,192:200,300:302,345:348,249:249
31E,0,31,NA,No,225:225,180:183,345:360,276:279,372:372,285:288,237:240,200:202,302:302,345:345,249:249
31E,1,31,31E1,No,219:225,180:180,345:363,279:294,372:372,288:288,240:243,194:202,302:302,345:345,249:249
31E,2,31,31E1,No,225:225,180:183,345:348,276:288,372:372,285:285,237:243,200:202,302:302,345:345,249:249
31E,3,31,31E1,No,222:225,180:183,345:348,279:288,372:372,285:285,237:240,198:200,302:302,345:354,249:249
31E,4,31,31E2,No,225:225,180:180,345:357,279:288,372:372,285:285,240:243,200:202,302:302,345:354,249:249
31E,5,31,31E2,No,225:225,180:180,345:360,279:288,372:375,285:285,237:240,194:202,302:302,345:345,249:255
31E,6,31,31E2,No,225:225,180:183,357:360,276:288,372:372,288:291,234:237,190:202,302:302,345:354,249:249
31E,7,31,31E3,No,225:225,183:183,360:360,276:276,372:372,288:291,237:249,200:202,302:302,345:345,249:249
31E,8,31,31E3,No,219:225,180:180,360:360,279:288,372:372,291:291,237:252,194:202,300:302,345:345,249:249
31E,9,31,31E4,No,225:225,180:180,351:360,279:288,372:372,288:288,234:240,190:202,302:302,345:345,249:249
31E,10,31,31E4,No,225:225,180:180,351:360,276:288,372:372,291:291,237:255,190:200,302:302,345:348,249:249
31E,11,31,31E5,No,225:225,180:183,NA,288:300,372:372,288:288,240:252,190:200,302:302,345:372,249:249
32A,0,32,NA,No,219:225,180:189,357:360,276:288,372:372,285:285,240:252,190:194,302:302,345:354,249:249
32A,1,32,32A1,No,219:219,180:180,357:360,276:288,372:372,285:285,237:240,190:194,302:302,345:354,249:249
32A,2,32,32A1,No,219:225,180:180,357:360,276:288,372:372,285:285,240:255,190:200,302:304,345:354,249:249
32A,3,32,32A2,No,219:225,180:180,357:357,276:291,372:372,285:291,240:255,190:208,302:304,348:354,249:249
32A,4,32,32A3,No,219:225,180:180,357:357,276:276,372:372,285:285,240:252,190:194,302:302,354:354,249:249
32A,5,32,32A4,No,219:222,180:183,357:360,276:291,372:372,285:285,240:255,194:204,302:302,345:354,249:270
32A,6,32,32A5,No,219:225,180:183,357:357,276:276,372:372,285:285,237:252,190:190,302:302,354:354,249:249
32A,7,32,32A6,No,219:225,180:183,357:360,276:288,372:372,285:285,252:255,190:194,302:302,345:345,249:270
32A,8,32,32A7,No,219:225,180:183,348:357,276:297,372:372,285:285,240:258,186:190,302:302,348:354,249:249
32A,9,32,32A8,No,219:225,180:180,357:357,276:276,372:372,285:285,237:240,194:194,302:302,342:345,249:249
32B,0,32,NA,No,225:225,183:189,348:354,276:285,372:372,285:285,237:240,190:190,302:302,345:345,249:249
32B,1,32,32B1,No,225:225,180:183,348:360,276:303,372:372,285:291,240:252,190:194,302:302,342:345,249:249
32B,2,32,32B2,No,219:225,180:183,348:354,276:291,372:375,285:288,240:252,190:194,300:302,345:345,249:249
32B,3,32,32B2,No,219:225,180:183,348:354,276:291,372:375,285:291,240:255,190:194,302:302,345:345,249:249
32B,4,32,32B2,No,225:225,183:183,354:360,285:288,372:372,285:291,237:255,190:194,302:302,345:345,249:270
32B,5,32,32B3,No,219:225,183:183,348:357,276:285,372:372,285:285,240:243,190:200,302:302,345:345,249:249
32B,6,32,32B3,No,225:225,183:183,348:360,285:288,372:372,285:291,240:252,190:194,302:302,345:345,249:249
32B,7,32,32B4,No,216:225,180:183,354:354,276:288,372:372,285:291,237:255,190:194,302:302,345:351,249:249
32B,8,32,32B4,No,225:225,180:183,348:348,285:288,372:372,285:285,240:252,190:210,302:302,345:345,249:255
32B,9,32,32B4,No,219:225,180:183,342:348,285:288,372:372,285:291,237:255,190:190,302:304,345:357,249:249
32B,10,32,32B5,No,225:225,183:183,348:360,285:297,372:372,285:285,237:240,190:200,300:302,345:354,249:249
32B,11,32,32B5,No,219:225,180:183,342:354,285:288,372:372,285:291,234:240,190:190,302:304,345:351,249:249
32C,0,32,NA,No,225:225,180:183,357:360,291:303,372:372,285:288,240:243,204:210,292:302,342:345,249:249
32C,1,32,32C1,No,219:225,180:183,348:357,291:297,372:372,288:288,240:255,190:204,302:302,345:354,249:249
32C,2,32,32C1,No,225:225,180:183,348:360,297:303,372:375,288:291,240:243,190:210,292:302,342:357,249:249
32C,3,32,32C2,No,219:225,180:183,360:360,285:303,372:372,285:285,240:252,192:204,302:302,342:345,249:249
32C,4,32,32C2,No,219:225,180:180,345:360,279:303,372:372,285:288,243:255,192:210,302:302,342:345,249:249
32C,5,32,32C3,No,225:225,180:183,360:360,276:303,372:372,288:291,240:243,208:210,292:302,345:357,249:249
32C,6,32,32C4,No,216:225,180:180,348:360,291:297,372:372,285:285,243:252,204:210,292:302,345:351,249:249
32C,7,32,32C4,No,225:225,177:180,354:360,288:291,372:372,285:285,240:243,186:204,292:302,345:345,249:249
32C,8,32,32C5,No,219:225,180:183,357:360,285:303,372:372,285:285,252:255,194:204,300:302,345:348,249:249
32C,9,32,32C6,No,219:225,180:189,360:360,282:303,372:372,285:288,243:255,194:210,302:302,342:348,249:270
32C,10,32,32C7,Yes,225:225,180:183,360:360,303:303,372:372,285:285,243:255,204:210,292:292,342:342,249:249
32D,0,32,NA,No,219:219,180:189,360:360,288:297,372:375,285:291,234:243,190:200,302:304,348:348,249:249
32D,1,32,32D1,No,219:225,180:183,360:360,288:291,372:372,285:291,234:243,190:194,302:304,348:357,249:249
32D,2,32,32D2,No,219:225,180:180,354:360,297:297,372:372,291:291,234:252,186:190,300:302,348:348,249:249
32D,3,32,32D2,No,219:225,180:180,354:360,276:297,372:375,291:291,234:255,190:190,302:302,348:348,249:249
32D,4,32,32D2,No,219:219,180:180,348:360,276:288,372:372,285:285,240:243,194:200,302:304,345:348,249:249
32D,5,32,32D3,No,219:225,180:183,357:360,288:297,372:372,285:285,234:255,200:210,302:304,348:351,249:249
32D,6,32,32D3,No,219:219,180:180,NA,285:288,372:372,285:285,240:243,190:194,302:304,345:348,249:249
32D,7,32,32D4,No,219:219,180:183,357:360,288:288,372:375,285:285,243:252,198:200,302:302,348:348,249:249
32D,8,32,32D4,No,210:219,180:180,360:360,276:288,372:375,285:285,237:243,198:200,302:304,345:348,249:270
32D,9,32,32D5,No,219:225,180:180,354:360,285:288,372:375,291:291,234:243,190:190,302:304,345:348,249:249
32D,10,32,32D6,No,219:225,180:183,360:360,276:297,372:375,285:291,237:243,186:200,302:304,348:357,249:249
32E,0,32,NA,No,225:225,180:189,357:357,276:285,372:372,285:291,243:252,194:204,302:304,345:348,249:249
32E,1,32,32E1,No,225:225,180:183,357:360,276:288,372:372,291:291,237:243,202:204,302:308,345:345,249:270
32E,2,32,32E1,No,225:225,180:180,357:357,285:297,372:372,291:291,243:252,194:204,304:304,345:348,249:249
32E,3,32,32E2,No,219:225,180:180,357:357,285:288,372:372,291:291,252:255,192:204,302:304,342:345,249:249
32E,4,32,32E2,No,219:225,180:183,357:360,285:288,372:372,285:285,240:243,194:194,302:304,348:354,249:249
32E,5,32,32E3,No,219:225,180:183,357:357,285:288,372:372,291:291,NA,194:194,302:302,NA,249:249
32E,6,32,32E3,No,219:225,180:183,348:360,285:297,372:372,291:291,243:252,NA,302:302,348:357,249:249
32E,7,32,32E4,No,225:225,180:183,357:357,276:297,372:372,291:291,243:246,194:204,302:302,348:351,249:270
32E,8,32,32E4,No,225:225,180:183,357:360,285:297,372:372,285:291,234:252,194:204,302:304,348:351,249:270
32E,9,32,32E5,No,225:225,180:183,357:357,276:279,372:372,285:291,234:252,190:204,302:302,348:354,249:249
32E,10,32,32E5,No,225:225,180:180,357:360,285:288,372:372,285:291,240:243,194:204,302:302,345:345,249:249
32E,11,32,32E5,No,216:225,180:180,348:357,285:288,372:372,291:291,243:255,194:204,302:302,348:351,249:249
35C,0,35,NA,No,222:225,183:186,360:360,285:297,372:375,291:291,252:255,190:210,302:302,342:348,249:255
35C,1,35,35C2,No,225:225,183:186,360:360,276:285,372:375,285:291,249:252,190:210,302:302,348:348,249:249
35C,2,35,35C3,No,222:225,183:186,357:360,300:300,372:375,291:291,240:252,190:210,292:302,330:342,249:270
35C,3,35,35C3,No,222:225,183:183,360:360,297:297,372:375,285:291,240:252,190:194,292:302,330:348,255:270
35C,4,35,35C4,No,219:222,180:186,348:360,288:297,372:375,285:285,234:252,194:210,302:304,348:351,249:249
35C,5,35,35C5,No,225:225,183:183,357:360,285:297,372:375,291:291,NA,190:192,302:302,348:348,249:249
35C,6,35,35C6,No,219:225,183:186,348:360,276:285,372:372,285:291,246:252,190:190,302:302,342:357,249:255
35C,7,35,35C7,Yes,222:225,183:183,360:360,297:297,372:372,285:291,NA,190:210,302:302,342:342,249:249
35C,8,35,35C8,No,222:225,180:183,360:360,276:285,366:375,285:285,234:255,190:194,300:302,336:348,249:249
35C,9,35,35C9,Yes,222:222,186:186,360:360,285:285,375:375,NA,252:255,190:210,302:302,NA,249:249
35C,10,35,35C9,No,222:222,180:183,360:360,285:297,372:372,291:291,249:255,190:190,302:302,348:348,249:249
35D,0,35,NA,No,222:225,180:183,357:360,285:297,372:372,291:291,237:255,190:194,302:302,342:363,249:255
35D,1,35,35D1,No,219:225,180:183,357:357,285:285,372:372,285:291,246:255,190:210,302:302,342:348,249:249
35D,2,35,35D1,No,210:210,180:180,348:360,285:297,372:372,NA,240:255,190:202,294:302,342:351,249:249
35D,3,35,35D1,No,219:225,183:183,348:348,288:297,372:372,291:291,249:252,190:190,302:302,357:363,249:249
35D,4,35,35D2,No,210:225,180:183,348:348,285:288,372:372,285:291,249:255,194:200,294:302,342:342,249:249
35D,5,35,35D2,Yes,NA,180:183,357:357,NA,372:372,291:291,252:255,190:190,302:302,NA,249:255
35D,6,35,35D2,No,210:225,180:180,348:360,276:285,372:372,291:291,252:261,190:202,302:304,351:351,249:249
35D,7,35,35D3,No,225:225,180:183,360:360,297:297,372:372,NA,249:252,190:198,302:304,351:363,249:255
35D,8,35,35D3,No,219:225,180:183,354:360,285:297,372:372,291:291,252:252,190:190,294:294,342:348,249:249
35D,9,35,35D3,No,225:225,183:183,345:360,285:297,372:372,291:291,237:252,190:190,302:304,363:363,255:255
35D,10,35,35D4,No,219:225,180:183,348:360,285:285,372:375,285:291,249:252,190:194,302:304,345:351,249:249
35D,11,35,35D4,No,219:225,180:180,348:360,285:285,372:375,285:291,249:252,190:206,294:302,342:354,249:249
35D,12,35,35D5,No,225:225,180:183,345:360,285:297,372:372,291:291,237:252,190:190,302:302,354:363,249:249
35D,13,35,35D5,Yes,225:225,183:183,360:360,285:285,372:372,291:291,252:255,190:190,302:302,363:363,255:255
35D,14,35,35D5,No,225:225,NA,360:360,297:297,372:372,291:291,234:237,194:194,300:302,342:363,249:255
35D,15,35,35D6,No,225:225,180:183,345:360,297:297,372:372,291:291,237:249,190:192,302:302,351:363,249:255
35D,16,35,35D6,No,225:225,180:183,357:357,276:285,372:372,291:291,237:249,194:200,302:304,363:363,249:249
35D,17,35,35D7,No,219:222,180:183,348:360,285:297,372:372,285:291,240:255,194:194,294:302,351:354,249:249
35D,18,35,35D7,No,210:225,180:180,348:360,285:288,372:372,285:285,231:234,194:194,302:304,342:345,249:249
35D,19,35,35D7,No,219:225,180:183,348:360,285:288,372:375,285:285,249:252,190:190,302:304,336:351,249:249
36A,0,36,NA,No,219:225,183:189,348:360,276:288,372:372,285:291,237:255,192:194,302:304,342:348,249:249
36A,1,36,36A1,No,219:225,183:183,348:348,276:276,372:372,291:291,237:240,194:194,302:302,345:345,249:249
36A,2,36,36A1,No,225:225,183:183,360:360,288:297,372:375,291:291,237:240,194:194,302:304,342:342,249:249
36A,3,36,36A1,No,225:225,183:183,348:357,276:312,372:372,285:285,237:240,194:194,302:304,342:351,249:249
36A,4,36,36A2,No,225:225,180:183,360:360,276:276,372:372,291:291,234:255,192:208,302:302,345:348,249:255
36A,5,36,36A2,No,222:225,180:183,360:360,276:276,372:375,285:285,240:255,194:194,302:302,342:345,249:249
36B,0,36,NA,No,225:225,180:180,348:357,276:288,372:372,285:285,240:252,194:194,302:302,345:351,249:267
36B,1,36,36B1,No,222:225,NA,348:348,288:288,372:372,288:288,NA,194:204,302:302,345:345,249:249
36B,2,36,36B1,Yes,225:225,180:180,357:357,NA,372:372,285:285,240:240,NA,302:302,NA,249:249
36B,3,36,36B1,No,225:225,180:180,357:360,276:288,372:372,285:288,240:252,194:194,302:302,348:351,267:267
36B,4,36,36B2,No,225:225,180:180,357:360,288:288,372:372,285:285,240:240,194:194,302:302,342:345,246:249
36B,5,36,36B2,No,225:225,180:180,357:360,276:288,372:372,285:285,243:252,194:194,302:302,342:345,249:267
36B,6,36,36B3,No,225:225,180:180,348:360,288:288,372:375,285:285,237:240,190:194,302:302,345:345,249:249
36B,7,36,36B3,No,225:225,180:183,357:357,276:276,372:372,NA,252:255,194:202,302:302,345:345,249:249
36B,8,36,36B4,Yes,225:225,180:180,348:357,276:288,372:372,NA,237:240,194:194,302:302,351:351,249:249
36B,9,36,36B4,No,225:225,180:180,357:360,276:288,372:372,285:285,228:252,194:194,302:302,348:351,249:249
36B,10,36,36B5,Yes,225:225,180:180,348:348,276:288,372:372,285:285,240:255,194:194,302:302,345:345,267:267
36B,11,36,36B5,No,225:225,180:183,357:360,276:288,372:372,285:291,249:252,194:198,302:302,351:351,249:255
36C,0,36,NA,No,225:225,180:180,360:360,288:288,372:372,285:291,255:258,194:198,302:306,345:351,249:249
36C,1,36,36C1,No,225:225,180:183,360:360,288:288,372:372,291:291,243:255,194:198,302:302,342:342,249:249
36C,2,36,36C1,No,219:225,177:183,360:360,288:288,372:372,285:291,255:258,194:194,302:302,351:351,249:249
36C,3,36,36C1,No,225:225,180:183,360:360,276:288,372:372,NA,NA,194:194,302:302,345:351,249:249
36C,4,36,36C2,No,225:225,180:180,357:360,276:288,366:372,291:291,237:258,194:198,292:306,351:354,249:249
36C,5,36,36C2,Yes,225:225,180:183,360:360,285:288,372:372,291:291,252:258,194:194,302:302,351:351,249:249
36C,6,36,36C3,Yes,225:225,183:183,360:360,NA,372:372,285:285,228:258,194:194,302:302,348:348,249:249
36C,7,36,36C4,Yes,225:225,180:183,360:360,288:288,372:372,285:291,252:258,194:194,306:306,345:345,249:267
36C,8,36,36C4,No,225:225,NA,360:360,288:288,372:372,291:291,249:252,194:194,302:302,357:357,249:249
36C,9,36,36C4,No,225:225,180:180,348:360,288:288,372:372,NA,255:258,194:194,302:302,345:348,249:249
36C,10,36,36C5,Yes,225:225,180:180,NA,288:288,372:372,NA,NA,194:194,302:302,NA,249:249
36C,11,36,36C5,Yes,225:225,180:180,NA,NA,372:372,285:285,NA,194:194,302:302,NA,249:249
36E,0,36,NA,No,219:225,180:180,357:360,276:285,372:372,285:291,240:243,190:194,302:302,345:348,249:267
36E,1,36,36E1,No,219:225,180:180,NA,NA,372:372,285:291,NA,NA,302:302,NA,249:249
36E,2,36,36E2,No,NA,180:180,360:360,NA,372:372,285:285,NA,NA,302:302,327:327,249:249
36E,3,36,36E2,No,219:222,180:180,348:360,285:285,372:375,291:291,243:246,190:200,302:302,348:360,255:267
36E,4,36,36E3,No,219:219,180:183,357:357,285:285,372:372,NA,NA,NA,302:302,345:348,249:249
36E,5,36,36E3,No,219:225,180:180,360:360,276:285,369:372,NA,243:255,194:202,302:302,345:345,249:249
36E,6,36,36E4,No,219:219,180:183,354:360,276:276,372:372,291:291,243:243,194:194,302:302,342:348,249:249
36E,7,36,36E5,No,219:225,180:180,348:360,285:288,372:372,288:291,240:249,190:202,302:302,345:345,267:267
36E,8,36,36E6,No,225:225,180:183,357:360,276:285,369:372,285:291,237:243,194:194,302:302,345:345,249:267
36E,9,36,36E7,No,225:225,180:180,360:360,285:285,372:375,NA,243:246,194:200,302:302,NA,267:267
36E,10,36,36E7,No,NA,180:183,360:360,NA,372:372,NA,NA,194:194,302:302,345:345,249:249
36E,11,36,36E7,No,225:225,180:180,357:360,276:297,372:372,291:291,237:243,190:194,302:302,354:354,249:267
39B,0,39,NA,No,225:225,180:183,360:363,285:285,372:372,285:288,240:246,190:190,302:302,345:357,249:249
39B,1,39,39B1,No,225:225,180:180,360:360,285:285,372:372,285:285,243:249,190:190,302:302,348:357,249:249
39B,2,39,39B1,Yes,225:225,180:180,360:363,285:285,372:372,285:288,240:249,190:190,302:302,342:357,249:249
39B,3,39,39B1,No,219:225,180:183,360:360,276:285,369:372,285:285,243:249,186:186,302:302,345:348,249:249
39B,4,39,39B2,No,225:225,180:180,357:360,285:297,372:372,285:288,246:252,190:194,302:302,345:348,249:270
39B,5,39,39B2,No,225:225,180:183,357:363,285:285,372:372,285:285,240:252,190:190,302:302,345:348,249:249
39B,6,39,39B2,No,225:225,180:180,363:363,285:297,372:372,285:285,240:252,190:190,302:306,345:348,249:249
39B,7,39,39B3,No,225:225,180:183,357:363,285:285,372:372,285:291,234:246,190:194,302:302,333:357,249:249
39B,8,39,39B3,No,219:225,180:180,363:363,285:297,372:372,288:291,237:240,190:200,302:302,348:357,249:249
39B,9,39,39B4,No,225:225,180:180,363:363,282:288,366:372,288:288,237:240,190:206,302:302,345:357,249:249
39B,10,39,39B4,Yes,225:225,183:183,360:360,285:285,372:372,288:288,243:246,190:190,302:302,345:345,249:249
39B,11,39,39B5,Yes,225:225,180:183,360:360,285:285,372:372,288:288,240:246,190:190,300:302,345:357,249:249
39C,0,39,NA,No,225:225,180:183,354:360,285:288,372:372,288:288,240:252,194:200,302:302,342:345,249:249
39C,1,39,39C1,No,225:225,180:183,357:360,285:288,372:372,288:288,240:252,192:194,302:302,342:348,249:249
39C,2,39,39C1,No,225:225,180:183,360:360,285:288,372:372,288:291,NA,192:192,302:302,342:345,249:249
39C,3,39,39C2,No,225:225,180:180,354:357,285:288,372:372,288:291,237:240,192:194,302:302,345:345,249:249
39C,4,39,39C3,No,225:225,180:189,354:357,288:288,372:372,288:291,249:252,200:200,302:302,NA,249:249
39C,5,39,39C3,No,225:225,180:183,354:360,288:288,372:372,288:291,249:252,194:194,302:302,345:345,249:249
39C,6,39,39C4,No,225:225,180:183,354:354,288:288,372:372,288:291,NA,192:194,302:302,345:348,249:249
39C,7,39,39C4,No,225:225,183:183,354:357,288:288,372:372,288:291,249:252,192:194,302:302,NA,249:249
39C,8,39,39C5,Yes,225:225,180:183,354:354,288:288,372:372,NA,NA,NA,302:302,NA,249:249
39C,9,39,39C5,No,225:225,180:183,360:360,285:297,372:372,285:285,240:252,198:200,302:302,333:342,249:249
39C,10,39,39C6,Yes,225:225,180:180,348:348,285:285,372:372,288:288,240:240,194:200,302:302,345:345,249:249
39C,11,39,39C6,No,225:225,183:183,360:360,285:285,372:372,288:291,228:252,192:194,302:302,342:357,249:249
40A,0,40,NA,No,222:225,180:180,363:363,288:288,372:375,285:291,240:243,200:206,302:302,345:348,249:249
40A,1,40,40A1,Yes,222:225,180:180,360:360,288:300,372:372,291:291,NA,200:200,302:302,345:345,249:249
40A,2,40,40A1,No,222:225,180:180,363:363,285:288,372:372,291:294,243:246,194:200,302:302,348:348,249:267
40A,3,40,40A1,No,222:225,180:183,357:363,288:297,372:372,291:291,240:252,186:200,302:302,345:348,249:267
40A,4,40,40A2,No,222:225,180:183,357:363,288:288,372:375,285:285,243:243,194:200,302:302,345:345,249:249
40A,5,40,40A2,No,222:222,180:183,357:363,288:288,372:375,285:285,237:240,200:200,302:302,345:345,249:249
40A,6,40,40A3,Yes,222:222,180:180,363:363,288:288,372:372,285:291,243:246,206:206,302:302,348:348,249:249
40A,7,40,40A4,Yes,222:225,180:180,345:363,288:288,375:375,288:291,243:243,206:206,302:302,345:357,249:249
40A,8,40,40A4,Yes,222:222,180:183,360:363,288:288,372:372,291:291,243:246,NA,302:302,345:345,249:249
40A,9,40,40A4,No,225:225,180:180,363:363,273:288,372:372,285:285,237:240,NA,302:302,348:354,249:249
40A,10,40,40A5,No,225:225,180:180,360:360,288:288,372:372,NA,240:240,194:206,302:302,351:351,249:249
40A,11,40,40A5,Yes,225:225,180:180,360:360,288:288,372:372,291:291,NA,198:200,302:302,345:345,249:249
40B,0,40,NA,No,225:225,180:183,348:360,285:288,372:372,285:291,240:243,190:194,292:302,333:357,249:249
40B,1,40,40B1,No,219:225,183:183,360:360,297:297,372:372,285:285,240:240,194:196,292:302,333:354,249:249
40B,2,40,40B2,No,225:225,180:183,360:363,288:288,372:372,285:291,243:246,194:206,302:302,348:357,249:270
40B,3,40,40B3,No,225:225,180:183,348:357,276:276,372:372,285:288,240:249,194:206,302:302,348:357,249:249
40B,4,40,40B4,No,225:225,180:183,345:360,288:288,372:372,285:285,243:249,194:196,302:302,NA,249:249
40B,5,40,40B5,No,225:225,180:183,360:369,288:297,372:372,285:285,240:255,194:196,302:302,351:357,249:270
40B,6,40,40B5,No,225:225,183:183,360:360,276:282,372:372,285:291,243:249,186:194,292:302,333:348,249:249
40C,0,40,NA,No,219:222,183:183,360:360,282:282,372:375,285:285,243:249,192:194,292:292,336:348,249:249
40C,1,40,40C1,No,219:225,180:183,348:348,282:288,372:372,285:285,243:246,NA,292:302,348:348,249:249
40C,2,40,40C1,No,219:225,180:183,360:369,282:288,372:372,285:285,237:240,192:194,292:292,345:348,249:249
40C,3,40,40C2,No,219:222,180:183,357:357,297:297,375:375,285:285,246:249,194:194,292:302,333:348,249:249
40C,4,40,40C3,No,222:222,180:183,357:357,276:282,372:375,291:291,243:246,192:192,292:302,333:348,249:249
40C,5,40,40C3,No,222:225,180:183,360:369,282:288,372:372,285:285,243:246,192:194,292:302,345:348,249:249
40C,6,40,40C3,No,222:225,180:183,360:369,288:288,372:372,285:285,237:240,192:194,292:302,333:345,249:249
40C,7,40,40C4,No,219:222,183:183,360:360,282:288,372:375,288:288,240:246,192:206,292:302,348:348,249:249
40C,8,40,40C4,No,219:225,180:183,357:360,276:282,372:375,285:285,240:249,186:194,292:302,333:351,249:249
40C,9,40,40C4,No,222:225,180:183,357:360,282:288,372:375,285:285,240:249,192:200,292:306,333:348,249:249
40C,10,40,40C5,No,222:225,180:183,348:360,NA,372:372,285:291,249:249,192:192,292:302,348:351,249:255
40C,11,40,40C5,No,222:222,180:183,360:360,288:288,372:372,285:285,240:243,192:192,292:302,336:345,249:249
40D,0,40,NA,No,219:219,183:189,348:360,279:279,372:372,285:288,240:249,194:196,292:302,333:348,249:249
40D,1,40,40D6,No,219:225,180:183,360:360,276:279,372:372,285:291,237:240,186:196,302:302,333:345,249:249
40D,2,40,40D6,No,219:225,180:183,348:360,279:279,372:372,285:291,237:240,196:200,302:306,348:348,249:249
40D,3,40,40D7,No,219:219,180:183,348:348,285:285,372:372,285:285,240:258,194:200,292:292,348:348,249:249
40D,4,40,40D7,No,219:219,180:183,348:363,279:285,372:372,291:291,246:258,194:194,292:292,348:348,249:249
40D,5,40,40D7,No,219:225,180:183,360:363,288:288,372:372,288:288,NA,NA,292:292,333:333,249:249
40D,6,40,40D8,No,219:225,NA,348:348,279:285,372:372,NA,NA,194:194,NA,348:348,249:249
40D,7,40,40D8,No,219:225,183:183,360:360,288:297,372:372,285:285,240:249,186:194,302:302,333:351,249:249
40D,8,40,40D8,No,219:225,183:183,360:360,279:297,372:372,285:285,249:249,194:196,292:302,348:351,249:255
40D,9,40,40D9,No,219:222,183:183,348:357,279:288,372:372,288:288,240:252,194:196,292:308,345:348,249:249
40E,0,40,NA,No,219:225,180:183,357:360,288:297,372:372,288:291,249:252,206:206,292:302,336:345,249:249
40E,1,40,40E1,Yes,NA,183:183,360:360,288:288,372:372,288:291,249:252,206:206,292:302,336:345,249:249
40E,2,40,40E1,Yes,NA,183:183,357:357,297:297,372:372,291:291,249:252,206:206,302:302,336:345,249:249
40E,3,40,40E2,No,222:222,183:183,354:357,288:297,372:372,NA,NA,194:194,302:302,NA,249:249
40E,4,40,40E2,No,225:225,180:183,357:357,288:288,372:372,291:291,249:255,194:206,302:302,345:345,249:249
40E,5,40,40E3,No,225:225,183:183,357:360,288:297,372:372,291:291,237:252,200:206,302:302,336:336,249:249
40E,6,40,40E3,No,NA,180:180,360:363,288:297,372:372,NA,237:240,NA,302:302,345:345,249:249
40E,7,40,40E4,No,219:219,180:183,360:363,288:297,372:372,288:288,249:252,192:206,302:302,345:345,249:249
40E,8,40,40E5,No,234:234,183:183,360:360,276:288,372:372,291:291,243:252,186:206,300:302,336:345,249:249
40E,9,40,40E6,Yes,225:225,180:180,348:360,288:288,372:372,285:291,249:252,206:206,292:292,336:345,249:249
40E,10,40,40E6,No,219:219,180:183,360:360,288:297,372:372,291:291,240:252,200:206,302:302,345:360,249:249
40E,11,40,40E6,No,222:222,183:183,357:357,288:288,372:372,288:288,249:252,194:206,302:302,336:351,249:249
50A,0,50,NA,No,225:225,180:180,357:360,285:297,372:372,285:285,228:252,194:202,302:302,342:357,249:249
50A,1,50,50A1,Yes,225:225,180:180,357:360,285:297,372:372,285:285,225:228,186:194,302:302,342:342,249:249
50A,2,50,50A1,Yes,225:225,180:180,342:360,285:297,372:372,285:285,228:243,194:194,302:302,NA,249:249
50A,3,50,50A1,Yes,225:225,180:180,357:357,285:285,372:372,285:285,228:252,194:202,302:302,354:357,249:249
50A,4,50,50A2,No,225:225,180:180,357:357,276:297,372:372,285:285,228:255,194:194,302:302,342:360,249:249
50A,5,50,50A2,Yes,225:225,180:180,360:360,285:285,372:372,285:285,228:228,194:202,302:302,342:345,249:249
50A,6,50,50A3,Yes,225:225,180:180,NA,NA,372:372,NA,249:252,202:202,302:302,342:354,249:249
50B,0,50,NA,No,219:225,180:180,357:357,288:288,372:372,285:291,240:252,194:194,302:302,345:348,249:270
50B,1,50,50B1,No,219:225,180:180,357:357,288:288,372:372,NA,249:252,186:194,302:302,348:348,249:267
50B,2,50,50B2,Yes,219:219,180:180,357:357,288:288,372:372,NA,240:252,NA,302:302,345:345,NA
50B,3,50,50B2,Yes,219:219,180:180,NA,288:288,372:372,291:291,240:252,194:194,302:302,345:348,249:270
50B,4,50,50B3,No,225:225,180:180,357:357,276:288,372:372,285:285,228:240,194:202,302:302,348:360,249:267
50B,5,50,50B3,No,219:225,180:180,357:360,288:288,372:372,291:291,252:255,190:194,302:302,345:348,270:270
50B,6,50,50B3,No,219:225,180:183,357:357,288:297,372:372,291:291,252:255,194:210,302:302,345:348,249:249
50B,7,50,50B4,No,225:225,180:180,357:369,288:288,372:375,NA,252:252,194:210,302:302,NA,249:249
50B,8,50,50B4,No,219:225,180:180,357:360,285:288,372:372,291:291,237:240,194:194,302:302,348:357,249:249
50B,9,50,50B5,No,219:219,180:180,357:357,285:288,372:372,285:285,240:243,194:210,302:302,342:348,249:270
50B,10,50,50B5,No,219:225,180:180,357:369,288:288,372:372,291:291,249:252,194:206,302:302,348:354,249:270
50B,11,50,50B5,No,219:225,180:180,357:360,288:288,372:372,291:291,240:252,190:194,302:302,348:348,249:270
50D,0,50,NA,No,225:225,180:180,360:360,276:288,372:372,285:285,228:258,190:194,302:302,348:360,249:270
50D,1,50,50D1,No,225:225,180:180,348:360,276:288,372:375,285:294,237:243,190:190,302:302,348:363,249:255
50D,2,50,50D2,No,219:225,180:183,360:360,288:297,372:372,285:288,228:240,190:194,302:302,351:360,249:255
50D,3,50,50D3,No,225:225,180:180,360:369,288:291,372:372,285:285,228:252,186:194,302:302,345:348,249:270
50D,4,50,50D3,No,219:225,180:180,360:360,NA,372:372,285:285,240:258,190:206,302:302,348:348,249:249
50D,5,50,50D3,No,225:225,180:180,360:360,288:291,372:372,285:285,228:252,186:190,302:302,345:360,249:249
50D,6,50,50D4,No,222:225,180:180,360:360,276:276,372:372,285:285,252:258,194:200,302:302,348:348,249:270
50D,7,50,50D4,No,225:225,180:180,360:360,276:285,372:372,285:285,228:252,190:210,294:302,348:348,249:270
50D,8,50,50D4,No,225:225,180:180,360:360,276:285,372:372,NA,228:252,192:194,302:302,348:357,NA
50D,9,50,50D5,No,219:225,180:180,360:360,276:288,372:372,NA,228:255,190:194,302:302,348:360,249:270
50D,10,50,50D5,No,225:225,180:180,360:360,276:276,372:372,NA,NA,194:194,302:302,NA,249:270
50E,0,50,NA,No,225:225,180:183,360:360,288:288,372:372,285:291,240:255,194:210,302:302,345:357,249:267
50E,1,50,50E1,No,225:225,180:183,360:360,288:297,372:372,285:285,240:252,200:210,302:302,345:360,249:249
50E,2,50,50E1,No,225:225,180:183,360:360,276:288,372:372,291:291,240:252,190:194,302:302,345:345,267:270
50E,3,50,50E2,No,225:225,183:183,345:360,285:288,372:372,291:291,240:252,202:210,302:302,345:360,249:267
50E,4,50,50E2,No,225:225,180:180,360:360,276:288,372:372,291:291,249:252,190:194,300:302,348:357,267:267
50E,5,50,50E3,No,219:225,180:180,360:360,288:297,372:372,291:291,240:252,194:206,302:302,342:345,249:267
50E,6,50,50E3,No,225:225,180:183,360:360,288:297,372:372,285:285,249:252,194:194,302:302,345:360,249:267
50E,7,50,50E4,No,225:225,180:180,360:360,288:288,372:372,285:285,240:252,186:194,302:302,345:348,249:267
50E,8,50,50E4,No,225:225,180:183,360:360,276:288,372:372,285:285,240:252,194:206,302:302,345:348,249:249
50E,9,50,50E4,No,225:225,180:183,360:360,288:288,369:372,285:285,240:252,194:206,302:304,354:357,249:267
50E,10,50,50E5,Yes,225:225,180:183,360:360,288:288,372:372,285:285,255:255,210:210,302:302,357:357,249:249
56A,0,56,NA,No,222:225,180:180,357:357,288:300,372:372,291:294,240:243,194:200,300:302,345:354,249:267
56A,1,56,56A2,No,222:225,180:180,348:357,276:288,372:372,291:291,237:240,200:200,302:302,348:354,249:249
56A,2,56,56A3,No,219:225,180:180,357:360,288:300,372:372,285:291,243:252,194:194,302:302,345:348,249:267
56A,3,56,56A3,No,NA,180:189,357:357,NA,372:372,294:294,NA,NA,302:302,NA,249:249
56A,4,56,56A4,No,225:225,180:180,NA,NA,372:372,294:294,240:243,200:200,300:306,NA,249:249
56A,5,56,56A4,No,225:225,180:180,357:357,285:285,372:372,294:294,NA,NA,302:302,345:348,NA
56A,6,56,56A4,No,225:225,180:180,357:360,276:288,372:372,291:291,240:243,186:194,302:302,345:354,249:249
56A,7,56,56A5,No,225:225,180:180,357:360,288:288,372:372,291:291,243:246,194:194,302:302,333:345,249:267
56A,8,56,56A6,No,219:222,180:180,357:360,297:300,372:372,291:291,237:243,194:194,302:302,342:354,249:267
56A,9,56,56A7,No,219:222,180:180,357:357,276:288,372:372,291:291,243:243,194:194,302:302,345:345,249:249
56A,10,56,56A8,No,219:225,180:180,357:357,300:300,372:372,291:291,243:255,194:194,302:302,345:351,267:270
56A,11,56,56A9,No,222:225,180:186,348:357,288:288,372:372,285:285,243:252,194:200,302:302,345:351,249:267
56B,0,56,NA,No,225:225,183:183,360:360,276:312,372:372,285:285,246:255,190:194,302:302,345:357,249:249
56B,1,56,56B1,No,225:225,180:183,360:360,285:312,372:375,291:291,240:246,190:194,302:302,354:357,249:249
56B,2,56,56B1,No,225:225,183:183,360:360,276:297,372:372,285:291,240:243,190:190,302:302,NA,249:249
56B,3,56,56B1,No,225:225,180:183,357:357,276:297,372:375,291:291,240:243,190:194,302:302,345:348,249:249
56B,4,56,56B2,No,225:225,180:183,345:360,276:288,372:372,285:291,240:246,190:194,302:302,345:345,249:249
56B,5,56,56B2,No,225:225,180:183,360:360,276:288,372:372,285:285,240:255,194:194,302:302,345:345,249:249
56B,6,56,56B3,No,225:225,180:183,360:360,276:276,372:372,NA,NA,190:190,302:302,345:345,249:249
56B,7,56,56B3,No,225:225,183:183,360:360,NA,372:372,NA,NA,NA,292:302,333:345,249:249
56B,8,56,56B4,No,225:225,180:183,360:360,276:276,372:372,285:291,240:255,190:194,302:302,345:345,249:249
56B,9,56,56B4,No,225:225,180:183,NA,NA,372:372,285:291,252:255,194:194,302:302,NA,249:249
56B,10,56,56B4,No,225:225,180:183,360:366,276:297,372:372,285:291,240:255,190:194,302:302,345:357,249:249
56C,0,56,NA,No,225:225,180:180,360:360,288:288,372:372,291:291,249:252,186:192,294:302,348:354,249:249
56C,1,56,56C1,No,225:225,180:180,360:360,288:288,372:372,288:291,249:252,190:192,292:302,348:357,249:249
56C,2,56,56C1,No,225:225,180:180,360:360,288:288,372:372,288:291,249:252,186:198,292:294,348:357,249:249
56C,3,56,56C2,No,219:225,180:180,360:360,285:288,372:372,300:300,246:252,186:194,294:302,342:354,249:249
56C,4,56,56C3,No,225:225,180:180,360:360,276:288,372:372,291:291,243:249,192:192,294:302,336:348,249:270
56C,5,56,56C3,No,225:225,180:180,360:360,276:288,372:372,291:291,249:252,186:194,294:302,336:354,249:249
56C,6,56,56C4,No,225:225,180:180,360:360,276:288,372:372,NA,240:240,192:192,302:302,345:354,249:249
56C,7,56,56C4,Yes,225:225,180:180,360:360,288:288,372:372,NA,NA,192:192,NA,NA,NA
56C,8,56,56C5,No,225:225,180:180,360:360,288:288,372:372,285:285,NA,192:196,302:302,345:345,249:249
56C,9,56,56C5,No,225:225,180:180,360:360,288:288,372:372,285:285,243:246,192:192,294:302,345:348,249:249
56C,10,56,56C5,No,225:225,180:180,354:360,288:288,372:372,285:291,243:249,192:192,294:302,345:348,249:249
56C,11,56,56C6,Yes,225:225,180:180,360:360,288:288,372:372,291:291,NA,192:192,294:294,348:348,249:249
58A,0,58,NA,No,225:225,180:183,351:357,276:288,372:375,285:291,225:243,194:206,302:302,342:360,249:249
58A,1,58,58A1,No,225:228,180:183,357:357,276:276,NA,285:294,225:252,194:194,302:306,342:342,249:249
58A,2,58,58A1,No,225:225,183:183,351:357,288:303,372:372,NA,243:246,194:194,302:302,342:354,249:249
58A,3,58,58A2,No,225:225,183:183,351:366,276:288,372:372,291:291,225:252,194:194,302:302,348:360,249:249
58A,4,58,58A2,No,225:225,180:180,351:357,276:288,372:375,285:285,240:243,206:206,302:302,354:354,249:249
58A,5,58,58A3,No,219:225,180:183,351:360,288:288,372:375,285:285,243:246,194:198,302:302,333:342,249:270
58A,6,58,58A3,Yes,225:225,NA,351:357,288:288,372:372,NA,225:243,198:206,302:302,360:360,249:249
58A,7,58,58A4,No,219:225,183:183,357:360,NA,372:372,285:288,249:252,192:206,302:302,NA,249:249
58A,8,58,58A4,Yes,225:225,180:180,NA,285:285,NA,291:291,243:243,NA,302:302,NA,249:249
58A,9,58,58A5,Yes,225:225,183:183,351:351,288:297,375:375,285:285,243:252,194:194,302:302,342:360,249:249
58B,0,58,NA,No,225:225,183:183,348:348,276:297,372:375,285:285,252:255,194:194,302:302,342:348,249:249
58B,1,58,58B1,No,219:225,180:183,348:348,288:297,372:375,285:285,243:252,194:194,302:302,348:348,249:249
58B,2,58,58B1,No,219:225,183:183,345:345,276:288,372:372,285:291,255:255,194:194,302:302,348:348,249:267
58B,3,58,58B2,No,225:225,183:183,348:360,288:297,372:375,285:285,240:252,194:194,302:302,348:351,249:270
58B,4,58,58B2,No,225:225,180:183,345:348,285:297,375:375,285:291,249:252,194:194,302:302,342:345,249:249
58B,5,58,58B3,No,225:225,180:183,348:348,288:297,372:375,285:291,249:252,194:206,302:302,342:357,249:249
58B,6,58,58B4,No,225:225,183:183,345:348,276:285,372:372,285:291,249:252,194:194,302:302,348:351,249:267
58B,7,58,58B4,No,225:225,180:183,345:348,297:297,372:375,285:285,249:252,194:202,302:302,345:348,249:249
58B,8,58,58B4,No,225:225,180:183,345:345,276:297,372:375,285:285,243:252,194:202,302:302,342:357,249:249
58B,9,58,58B5,No,225:225,180:183,NA,NA,372:375,285:285,NA,NA,302:302,348:348,249:249
58B,10,58,58B5,No,225:225,183:183,348:357,276:276,375:375,285:285,246:252,190:190,302:302,348:348,249:249
58D,0,58,NA,No,225:225,180:183,360:360,288:288,375:375,285:291,243:252,194:206,302:302,345:354,249:249
58D,1,58,58D1,No,225:225,180:183,360:360,282:288,372:375,285:291,249:252,194:194,302:302,345:345,249:249
58D,2,58,58D1,No,222:225,180:183,345:360,288:297,372:375,291:291,249:252,194:206,302:302,345:345,249:249
58D,3,58,58D2,No,225:228,183:183,360:360,288:288,372:375,NA,243:252,194:206,302:302,354:354,249:270
58D,4,58,58D3,No,225:225,183:183,360:360,288:297,372:375,291:291,240:243,194:194,302:302,345:345,249:249
58D,5,58,58D3,No,225:225,183:183,360:360,288:288,372:375,291:291,240:243,194:194,302:302,345:354,249:249
58D,6,58,58D4,No,225:225,180:183,360:360,294:294,372:375,294:294,243:252,194:196,302:302,345:345,249:249
58D,7,58,58D4,No,225:225,180:183,360:366,276:288,372:375,291:291,243:249,194:194,302:302,345:345,249:249
58D,8,58,58D4,No,225:225,180:183,360:360,288:288,372:375,285:285,240:252,206:206,302:302,348:354,249:249
58D,9,58,58D5,No,225:225,180:183,360:360,288:288,372:375,285:285,243:252,194:194,302:302,348:354,249:249
58D,10,58,58D5,No,225:225,180:180,360:360,288:288,372:375,291:291,249:252,206:206,302:302,348:354,249:249
58D,11,58,58D5,No,225:225,180:183,360:360,288:288,372:375,288:291,240:243,206:206,302:302,345:354,249:255
58E,0,58,NA,No,225:225,180:180,360:360,288:288,372:372,288:291,228:240,194:206,302:306,345:348,249:249
58E,1,58,58E1,No,225:225,180:183,348:360,285:318,372:372,291:291,228:252,194:200,302:306,348:348,249:249
58E,2,58,58E1,No,219:225,180:183,348:360,288:297,372:372,285:291,240:255,194:200,302:302,348:357,249:249
58E,3,58,58E1,No,225:225,180:183,357:360,288:288,372:372,285:285,228:243,190:206,298:302,345:348,249:249
58E,4,58,58E2,No,225:225,180:180,360:360,288:288,372:372,285:291,240:252,194:194,302:302,345:348,249:249
58E,5,58,58E2,No,225:225,180:180,348:360,282:285,372:372,300:300,237:240,194:198,302:306,345:348,249:270
58E,6,58,58E2,Yes,225:225,180:180,360:360,288:288,372:372,288:291,237:240,194:206,306:306,345:345,249:249
58E,7,58,58E3,No,225:225,180:180,345:360,288:288,372:372,285:288,228:240,190:206,302:306,348:348,249:249
58E,8,58,58E3,No,225:225,180:180,345:360,288:288,372:372,285:288,237:240,190:194,306:306,345:345,249:249
58E,9,58,58E3,No,225:225,180:180,360:360,288:288,372:372,285:291,237:240,198:206,302:306,345:345,249:270
58E,10,58,58E4,No,225:225,180:183,357:360,288:291,372:372,288:288,240:252,190:194,302:302,348:348,249:249
58E,11,58,58E4,No,225:225,180:180,357:360,288:291,372:372,285:288,228:252,194:194,302:306,348:348,249:249
62A,0,62,NA,No,225:225,180:180,360:360,276:285,372:372,285:291,243:252,194:200,302:302,348:372,249:249
62A,1,62,62A1,No,225:225,180:180,354:360,276:318,372:372,285:285,243:252,194:194,302:302,351:372,249:249
62A,2,62,62A1,No,222:225,180:183,360:360,276:297,372:372,291:291,240:252,194:200,302:304,348:354,249:249
62A,3,62,62A2,No,222:225,180:186,360:360,285:285,372:372,285:291,240:252,194:200,302:302,348:372,249:249
62A,4,62,62A2,No,219:225,180:183,360:360,297:297,372:372,291:291,234:243,194:194,302:302,348:348,249:249
62A,5,62,62A2,No,225:225,180:183,360:360,276:297,372:372,285:288,243:255,200:200,302:302,348:354,249:249
62A,6,62,62A3,No,225:225,180:180,357:360,276:285,372:372,291:291,240:243,200:200,302:302,348:348,249:249
62A,7,62,62A3,No,219:225,180:180,357:360,276:288,372:372,285:285,240:252,194:200,302:302,351:372,249:249
62A,8,62,62A4,No,219:225,180:183,348:360,276:276,372:372,291:291,237:240,190:200,302:302,342:372,249:249
62A,9,62,62A5,No,219:225,180:183,348:360,276:276,372:372,285:285,240:243,194:194,302:302,348:357,249:249
62A,10,62,62A5,No,219:225,180:180,357:360,276:285,372:372,285:285,237:240,190:194,302:302,345:372,249:249
62A,11,62,62A5,No,225:225,180:180,360:360,276:276,372:372,285:291,234:243,200:208,302:302,345:372,249:249
62C,0,62,NA,No,225:225,180:183,357:360,300:300,372:372,285:285,234:243,192:194,302:302,345:348,249:249
62C,1,62,62C1,No,225:225,180:183,357:360,300:300,372:372,285:285,243:249,194:194,302:302,345:348,249:249
62C,2,62,62C1,No,225:225,180:180,360:360,300:300,372:372,285:285,240:243,194:194,302:302,345:345,249:249
62C,3,62,62C2,No,225:225,180:183,345:360,288:300,372:372,285:291,243:252,200:200,302:302,345:351,249:270
62C,4,62,62C2,No,225:225,180:180,357:360,288:300,372:372,285:285,243:243,194:194,302:302,333:348,249:249
62C,5,62,62C2,No,225:225,180:180,357:357,NA,372:372,285:291,243:252,206:206,302:302,345:345,249:249
62C,6,62,62C3,No,225:225,180:183,354:360,300:300,372:372,285:288,243:243,194:194,302:302,333:357,249:249
62C,7,62,62C3,No,219:225,180:183,357:357,297:297,372:372,NA,240:243,192:192,302:302,345:345,249:261
62C,8,62,62C3,No,225:225,180:180,357:357,282:300,372:372,285:288,234:249,194:194,302:302,333:348,249:249
62C,9,62,62C4,No,219:225,180:183,357:357,288:288,372:372,285:288,234:252,194:194,302:302,333:348,249:249
62C,10,62,62C4,No,222:225,180:180,357:360,276:276,372:372,285:285,243:252,190:194,302:302,333:348,249:249
62E,0,62,NA,No,219:219,180:183,348:360,276:297,372:372,285:291,240:243,192:194,302:302,342:357,249:249
62E,1,62,62E1,No,219:219,180:180,348:360,297:297,372:372,285:285,NA,194:194,300:302,333:342,249:249
62E,2,62,62E2,Yes,219:225,183:183,348:348,276:276,372:372,285:285,231:234,194:194,302:302,342:342,249:249
62E,3,62,62E2,Yes,219:219,183:183,348:348,297:297,372:372,285:285,240:243,194:194,302:302,342:342,249:249
62E,4,62,62E2,No,219:225,180:180,348:366,276:288,372:372,285:285,243:246,194:194,302:302,342:345,249:249
62E,5,62,62E3,No,225:225,180:183,348:360,276:300,372:372,285:285,240:243,192:192,302:302,342:345,249:249
62E,6,62,62E3,Yes,219:228,180:180,348:360,276:297,372:372,291:291,240:243,192:192,302:302,342:354,249:249
62E,7,62,62E4,No,219:219,180:180,345:360,276:288,372:375,285:288,243:252,192:192,302:302,342:342,249:249
62E,8,62,62E4,No,219:225,180:180,348:357,276:282,372:372,291:291,240:243,192:192,302:304,NA,249:249
62E,9,62,62E5,Yes,219:219,180:180,348:360,276:297,372:372,NA,240:243,192:192,302:302,345:357,249:249
62E,10,62,62E5,No,225:225,180:183,348:360,288:297,372:372,NA,243:252,194:200,302:302,348:348,249:249
62E,11,62,62E6,No,219:225,180:180,348:354,276:297,372:372,285:288,249:252,194:194,302:302,342:357,249:249
63A,0,63,NA,No,225:228,180:180,345:357,288:297,372:372,285:285,243:252,192:208,302:302,342:348,249:249
63A,1,63,63A1,No,225:225,180:180,345:345,288:288,372:372,285:294,240:252,192:208,300:302,342:348,249:249
63A,2,63,63A1,No,225:225,180:180,357:360,297:297,372:372,285:285,243:252,192:192,302:302,348:348,249:270
63A,3,63,63A2,Yes,225:228,180:180,357:357,288:297,372:372,285:285,243:252,208:208,302:302,342:342,249:249
63A,4,63,63A2,No,219:225,180:180,348:357,297:297,372:372,285:285,243:252,192:192,302:302,342:345,249:249
63A,5,63,63A2,Yes,228:228,180:180,345:345,288:288,372:372,285:285,243:252,192:192,302:302,342:342,249:249
63A,6,63,63A3,No,222:225,180:183,345:360,276:288,372:372,285:285,249:252,192:192,302:302,342:357,249:249
63A,7,63,63A3,No,225:225,180:180,345:357,276:288,372:372,285:285,249:252,192:208,302:302,348:354,249:249
63A,8,63,63A3,No,225:225,180:180,345:354,276:288,372:372,285:291,243:252,208:208,302:302,348:372,249:249
63A,9,63,63A4,No,219:228,180:180,345:348,297:297,372:372,285:285,252:252,192:192,302:302,342:360,249:249
63A,10,63,63A4,No,225:225,180:180,345:360,288:288,372:372,285:285,249:252,194:208,302:302,330:348,249:249
63A,11,63,63A5,No,225:228,180:180,345:360,285:288,372:372,285:285,240:243,194:208,302:302,348:354,249:249
63B,0,63,NA,No,225:231,180:180,357:360,285:297,372:372,288:291,240:249,194:200,302:302,345:345,249:249
63B,1,63,63B1,No,219:231,180:180,360:360,288:297,372:372,291:291,240:252,194:206,302:302,345:345,249:249
63B,2,63,63B1,No,219:225,180:180,360:360,276:297,372:372,291:291,240:252,194:194,302:302,336:348,249:249
63B,3,63,63B1,No,225:225,180:180,360:360,288:297,372:372,NA,246:249,194:206,302:302,345:348,249:249
63B,4,63,63B2,No,225:231,180:180,357:357,285:297,372:372,NA,237:240,194:194,292:302,345:348,249:249
63B,5,63,63B2,No,225:231,180:183,357:360,285:297,372:372,288:288,240:252,194:194,302:302,345:348,249:249
63B,6,63,63B2,No,219:231,180:183,357:360,285:285,372:372,288:288,249:252,194:200,302:302,345:348,249:249
63B,7,63,63B3,No,225:225,180:180,348:357,285:285,372:372,285:285,249:252,194:194,302:302,345:354,249:249
63B,8,63,63B3,No,225:231,180:180,357:360,285:285,372:372,288:288,240:243,194:200,302:302,345:348,249:249
63B,9,63,63B4,No,225:225,180:180,357:360,276:285,372:372,291:291,240:243,192:194,302:302,345:345,249:249
63B,10,63,63B4,No,225:231,180:180,360:360,297:297,372:375,288:288,240:249,194:194,302:302,345:345,249:249
63B,11,63,63B5,No,225:225,180:183,357:357,285:297,372:372,288:288,249:252,194:194,302:302,345:348,249:249
63C,0,63,NA,No,225:225,183:183,354:354,285:288,372:372,291:291,249:252,194:200,294:302,330:372,261:270
63C,1,63,63C1,No,225:228,180:183,354:360,288:288,372:375,291:291,249:252,192:200,302:302,330:330,249:261
63C,2,63,63C1,No,225:225,183:183,354:354,288:288,372:375,291:297,252:252,194:194,294:302,NA,249:261
63C,3,63,63C2,No,225:225,183:183,354:354,285:285,372:372,300:300,249:255,194:194,302:302,345:372,249:270
63C,4,63,63C2,No,225:225,180:183,354:354,285:285,372:372,291:291,246:249,194:194,302:302,330:345,249:270
63C,5,63,63C3,No,219:225,183:183,354:354,288:288,372:375,NA,246:252,NA,294:294,372:372,249:270
63E,0,63,NA,No,219:225,180:183,360:360,276:288,372:375,285:291,249:252,194:194,302:302,345:354,249:249
63E,1,63,63E1,No,225:228,180:183,357:360,288:297,372:372,285:285,243:252,194:208,302:302,342:354,249:249
63E,2,63,63E1,No,225:225,180:183,360:360,276:297,372:372,285:285,249:252,194:194,302:302,345:354,249:261
63E,3,63,63E1,No,219:225,180:183,357:360,276:276,372:372,285:285,249:252,194:208,302:302,345:372,249:249
63E,4,63,63E2,Yes,225:225,180:180,360:360,288:288,372:372,291:291,249:252,194:194,302:302,345:354,249:249
63E,5,63,63E2,No,219:225,180:183,360:360,276:288,372:372,288:288,252:258,190:194,302:302,345:354,249:249
63E,6,63,63E2,Yes,225:225,180:183,360:360,276:288,375:375,291:291,249:252,194:194,302:302,345:345,249:249
63E,7,63,63E3,No,225:231,183:183,357:360,276:276,372:375,291:291,249:255,194:194,302:302,345:345,249:249
63E,8,63,63E3,No,225:225,180:183,354:360,288:288,372:372,288:291,240:252,194:206,302:302,342:354,249:249
63E,9,63,63E3,No,225:225,180:180,357:360,276:288,372:372,285:285,243:252,194:208,302:302,348:354,249:249
63E,10,63,63E4,No,219:225,180:186,360:360,288:297,372:372,288:291,243:252,194:194,302:302,345:345,249:249
